"SiteID","SiteName","Prefecture","Region","Period","wild_nuts","rice_and_millets","acorn_chestnut","chestnut_beechnut","acorn_beechnut","hazelnut","beechnut","millet","rice","acorn","walnut","buckeye","chestnut"
"J877","西山遺跡","Aomori","Tohoku","Yayoi",1,0,0,0,0,0,0,0,0,0,1,0,0
"J79","中居林遺跡","Aomori","Tohoku","Yayoi",0,1,0,0,0,0,0,0,1,0,0,0,0
"J277","垂柳遺跡","Aomori","Tohoku","Yayoi",1,0,0,0,0,0,0,0,0,0,1,0,0
"J168","八戸城跡","Aomori","Tohoku","Yayoi",1,1,0,0,0,0,0,1,0,0,1,0,0
"J167","八幡遺跡","Aomori","Tohoku","Yayoi",1,1,0,0,0,0,0,1,1,0,1,0,1
"J717","田向冷水遺跡","Aomori","Tohoku","Yayoi",1,1,0,0,0,0,0,0,1,1,1,1,1
"J763","石江遺跡群","Aomori","Tohoku","Yayoi",1,0,0,0,0,0,0,0,0,0,1,1,0
"J248","和当地Ⅰ遺跡","Iwate","Tohoku","Yayoi",0,0,0,0,0,0,0,0,0,0,0,0,0
"J422","市川橋遺跡","Miyagi","Tohoku","Yayoi",1,0,0,0,0,0,0,0,0,0,0,1,0
"J358","富沢遺跡","Miyagi","Tohoku","Yayoi",1,1,0,0,0,0,0,0,1,0,1,1,0
"J470","当麻館跡","Akita","Tohoku","Yayoi",0,1,0,0,0,0,0,1,1,0,0,0,0
"J243","向河原遺跡","Yamagata","Tohoku","Yayoi",1,1,0,0,0,0,0,1,1,0,1,0,0
"J468","庚壇遺跡","Yamagata","Tohoku","Yayoi",1,1,0,0,0,0,0,0,1,0,1,1,0
"J1018","龍門寺遺跡","Fukushima","Tohoku","Yayoi",1,0,0,0,1,0,0,0,0,0,1,1,0
"J504","戸田条里遺跡","Fukushima","Tohoku","Yayoi",0,1,0,0,0,0,0,0,1,0,0,0,0
"J907","赤柴遺跡","Fukushima","Tohoku","Yayoi",1,0,0,0,0,0,0,0,0,0,0,0,0
"J604","桜町遺跡","Fukushima","Tohoku","Yayoi",1,1,0,0,0,0,0,1,1,1,1,0,0
"J1014","鷹ノ巣Ⅱ遺跡","Ibaraki","Kanto","Yayoi",1,0,0,0,0,0,0,0,0,0,1,0,0
"J519","新保遺跡","Gunma","Kanto","Yayoi",1,0,0,0,0,0,0,0,0,1,1,1,1
"J529","日高遺跡","Gunma","Kanto","Yayoi",1,1,0,0,0,0,0,0,1,1,1,0,0
"J517","新保田中村前遺跡","Gunma","Kanto","Yayoi",1,1,0,0,0,0,0,1,1,1,1,1,1
"J106","中高瀬観音山遺跡","Gunma","Kanto","Yayoi",1,1,0,0,0,0,0,0,1,0,1,0,0
"J365","小八木志志貝戸遺跡","Gunma","Kanto","Yayoi",0,1,0,0,0,0,0,0,1,0,0,0,0
"J366","小八木志志貝戸遺跡群2","Gunma","Kanto","Yayoi",0,1,0,0,0,0,0,0,1,0,0,0,0
"J766","石墨遺跡","Gunma","Kanto","Yayoi",0,1,0,0,0,0,0,0,1,0,0,0,0
"J614","横壁勝沼遺跡","Gunma","Kanto","Yayoi",1,0,0,0,0,0,0,0,0,0,1,0,0
"J960","長谷津遺跡","Gunma","Kanto","Yayoi",1,1,0,0,0,0,0,1,1,0,1,0,0
"J401","岡・向山遺跡","Saitama","Kanto","Yayoi",0,1,0,0,0,0,0,0,1,0,0,0,0
"J347","宮前遺跡","Saitama","Kanto","Yayoi",1,0,0,0,0,0,0,0,0,1,0,0,0
"J102","中野田中原遺跡","Saitama","Kanto","Yayoi",1,1,0,0,0,0,0,0,1,0,0,0,1
"J398","山田橋大山台遺跡","Chiba","Kanto","Yayoi",1,1,0,0,0,0,0,0,1,0,1,0,0
"J51","下向山遺跡","Chiba","Kanto","Yayoi",1,0,0,0,1,0,0,0,0,0,0,0,0
"J429","常代遺跡群","Chiba","Kanto","Yayoi",1,1,0,0,0,0,0,0,1,1,1,1,0
"J267","国府台遺跡第29地点","Chiba","Kanto","Yayoi",1,1,0,0,0,0,0,0,1,0,1,0,0
"J570","東峰御幸畑西遺跡","Chiba","Kanto","Yayoi",0,1,0,0,0,0,0,0,1,0,0,0,0
"J789","立出し遺跡","Chiba","Kanto","Yayoi",0,0,0,0,0,0,0,0,0,0,0,0,0
"J831","菅原神社台地上遺跡","Tokyo","Kanto","Yayoi",0,1,0,0,0,0,0,1,1,0,0,0,0
"J720","田端西台通遺跡","Tokyo","Kanto","Yayoi",0,0,0,0,0,0,0,0,0,0,0,0,0
"J240","向原遺跡","Tokyo","Kanto","Yayoi",0,1,0,0,0,0,0,1,1,0,0,0,0
"J488","志村坂上遺跡","Tokyo","Kanto","Yayoi",0,1,0,0,0,0,0,1,1,0,0,0,0
"J875","西台後藤田遺跡","Tokyo","Kanto","Yayoi",0,1,0,0,0,0,0,0,1,0,0,0,0
"J598","根ノ上遺跡","Tokyo","Kanto","Yayoi",0,1,0,0,0,0,0,0,1,0,0,0,0
"J478","御殿前遺跡","Tokyo","Kanto","Yayoi",1,1,0,0,0,0,0,0,1,0,1,0,0
"J55","下戸塚遺跡","Tokyo","Kanto","Yayoi",0,1,0,0,0,0,0,1,1,0,0,0,0
"J56","下戸塚遺跡Ⅳ","Tokyo","Kanto","Yayoi",0,1,0,0,0,0,0,0,1,0,0,0,0
"J500","戸山遺跡","Tokyo","Kanto","Yayoi",0,1,0,0,0,0,0,0,1,0,0,0,0
"J882","西早稲田三丁目遺跡Ⅴ","Tokyo","Kanto","Yayoi",0,1,0,0,0,0,0,0,1,0,0,0,0
"J423","市谷御門外橋詰・御堀端","Tokyo","Kanto","Yayoi",0,0,0,0,0,0,0,0,0,0,0,0,0
"J787","穴八幡神社遺跡","Tokyo","Kanto","Yayoi",0,1,0,0,0,0,0,0,1,0,0,0,0
"J574","東池袋Ⅱ","Tokyo","Kanto","Yayoi",1,0,0,0,0,0,0,0,0,1,0,0,0
"J465","広町遺跡","Tokyo","Kanto","Yayoi",1,1,0,0,0,0,0,1,1,1,1,0,0
"J499","愛宕下遺跡","Tokyo","Kanto","Yayoi",1,0,0,0,0,0,0,0,0,1,1,1,1
"J206","南広間地遺跡","Tokyo","Kanto","Yayoi",1,0,0,0,0,0,0,0,0,0,0,1,0
"J630","武蔵国府関連遺跡","Tokyo","Kanto","Yayoi",0,0,0,0,0,0,0,0,0,0,0,0,0
"J373","小日向台町遺跡","Tokyo","Kanto","Yayoi",0,1,0,0,0,0,0,1,1,0,0,0,0
"J269","土器塚遺跡（第3次調査）","Tokyo","Kanto","Yayoi",1,1,0,0,0,1,0,0,1,0,1,0,0
"J81","中屋敷遺跡","Kanagawa","Kanto","Yayoi",1,1,0,0,0,0,0,1,1,0,0,1,1
"J82","中屋敷遺跡Ⅱ","Kanagawa","Kanto","Yayoi",1,1,0,0,0,0,0,1,1,0,1,1,1
"J603","桜山うつき野遺跡","Kanagawa","Kanto","Yayoi",1,0,0,0,0,0,0,0,0,1,1,1,0
"J647","池子遺跡","Kanagawa","Kanto","Yayoi",0,0,0,0,0,0,0,0,0,0,0,0,0
"J748","真田・北金目遺跡群","Kanagawa","Kanto","Yayoi",1,0,0,0,0,0,0,0,0,1,0,0,0
"J4","No.6遺跡","Kanagawa","Kanto","Yayoi",0,1,0,0,0,0,0,1,1,0,0,0,0
"J659","河原口坊中遺跡","Kanagawa","Kanto","Yayoi",0,1,0,0,0,0,0,1,1,0,0,0,0
"J71","下谷地遺跡","Niigata","Chubu","Yayoi",1,1,0,0,0,0,0,0,1,0,1,0,0
"J892","西郷遺跡","Niigata","Chubu","Yayoi",1,1,0,0,0,0,0,0,1,1,1,0,1
"J797","箕輪遺跡Ⅰ","Niigata","Chubu","Yayoi",1,1,0,0,0,0,0,0,1,0,1,0,0
"J245","吹上遺跡","Niigata","Chubu","Yayoi",0,0,0,0,0,0,0,0,0,0,0,0,0
"J997","高島A遺跡","Toyama","Chubu","Yayoi",0,1,0,0,0,0,0,0,1,0,0,0,0
"J60","下村加茂遺跡","Toyama","Chubu","Yayoi",1,1,0,0,0,0,0,0,1,1,1,1,0
"J643","江上A遺跡","Toyama","Chubu","Yayoi",1,1,0,0,0,0,0,0,1,1,1,1,0
"J622","正印新遺跡","Toyama","Chubu","Yayoi",0,1,0,0,0,0,0,0,1,0,0,0,0
"J78","中小泉遺跡","Toyama","Chubu","Yayoi",1,1,0,0,0,0,0,0,1,0,1,1,0
"J67","下老子笹川遺跡","Toyama","Chubu","Yayoi",1,1,0,0,0,0,0,0,1,0,1,0,0
"J983","鞍川中B遺跡","Toyama","Chubu","Yayoi",1,0,0,0,1,0,0,0,0,1,1,0,0
"J375","小竹貝塚","Toyama","Chubu","Yayoi",1,1,0,0,0,0,0,0,1,1,0,0,0
"J327","大長野A遺跡","Ishikawa","Chubu","Yayoi",1,0,0,0,0,0,0,0,0,1,1,1,1
"J501","戸水B遺跡","Ishikawa","Chubu","Yayoi",1,1,0,0,0,0,0,1,1,0,1,1,1
"J371","小島西遺跡","Ishikawa","Chubu","Yayoi",0,0,0,0,0,0,0,0,0,0,0,0,0
"J171","八田中遺跡","Ishikawa","Chubu","Yayoi",1,1,0,0,0,0,0,0,1,1,1,1,1
"J852","藤井サンジョガリ遺跡","Ishikawa","Chubu","Yayoi",0,0,0,0,0,0,0,0,0,0,0,0,0
"J555","杉谷チャノバタケ遺跡","Ishikawa","Chubu","Yayoi",1,0,0,0,0,0,0,0,0,1,0,0,0
"J54","下安原海岸遺跡","Ishikawa","Chubu","Yayoi",1,1,0,0,0,0,0,0,1,1,1,1,0
"J858","藤江C遺跡","Ishikawa","Chubu","Yayoi",1,1,0,0,0,0,0,0,1,0,1,1,0
"J855","藤江B遺跡","Ishikawa","Chubu","Yayoi",0,1,0,0,0,0,0,0,1,0,0,0,0
"J462","平面梯川遺跡","Ishikawa","Chubu","Yayoi",1,1,0,0,0,0,0,0,1,0,0,1,0
"J302","大友西遺跡","Ishikawa","Chubu","Yayoi",1,1,0,0,0,0,0,0,1,0,1,1,0
"J234","吉崎・次場遺跡","Ishikawa","Chubu","Yayoi",0,1,0,0,0,0,0,0,1,0,0,0,0
"J139","今市岩畑遺跡","Fukui","Chubu","Yayoi",0,0,0,0,0,0,0,0,0,0,0,0,0
"J757","石之坪遺跡（東地区）","Yamanashi","Chubu","Yayoi",1,1,0,0,1,0,0,1,1,1,1,1,1
"J912","身洗沢遺跡","Yamanashi","Chubu","Yayoi",1,1,0,0,0,0,0,0,1,0,1,1,1
"J461","平野遺跡","Yamanashi","Chubu","Yayoi",0,1,0,0,0,0,0,0,1,0,0,0,0
"J564","村前東Ａ遺跡概報2","Yamanashi","Chubu","Yayoi",1,1,0,0,0,0,0,0,1,0,1,0,0
"J665","油田遺跡","Yamanashi","Chubu","Yayoi",1,0,0,0,0,0,0,0,0,0,0,1,0
"J315","大師東丹保遺跡Ⅰ区","Yamanashi","Chubu","Yayoi",1,0,0,0,0,0,0,0,0,1,1,1,0
"J314","大師東丹保遺跡Ⅳ区","Yamanashi","Chubu","Yayoi",1,0,0,0,0,0,0,0,0,0,1,1,0
"J559","村前東Ａ遺跡Ⅱ区","Yamanashi","Chubu","Yayoi",0,1,0,0,0,0,0,1,1,0,0,0,0
"J129","二本柳遺跡","Yamanashi","Chubu","Yayoi",1,0,0,0,0,0,0,0,0,0,1,1,0
"J290","塚越遺跡","Yamanashi","Chubu","Yayoi",0,0,0,0,0,0,0,0,0,0,0,0,0
"J621","橋原遺跡","Nagano","Chubu","Yayoi",1,1,0,0,0,0,0,1,1,1,1,0,1
"J70","下聖端遺跡","Nagano","Chubu","Yayoi",0,1,0,0,0,0,0,0,1,0,0,0,0
"J472","後家山遺跡","Nagano","Chubu","Yayoi",0,0,0,0,0,0,0,0,0,0,0,0,0
"J578","松原遺跡","Nagano","Chubu","Yayoi",0,0,0,0,0,0,0,0,0,0,0,0,0
"J796","箕輪遺跡","Nagano","Chubu","Yayoi",1,1,0,0,0,0,0,0,1,0,1,0,0
"J610","構井・阿弥陀堂遺跡","Nagano","Chubu","Yayoi",0,0,0,0,0,0,0,0,0,0,0,0,0
"J865","西一本柳遺跡ⅩⅣ","Nagano","Chubu","Yayoi",0,1,0,0,0,0,0,1,1,0,0,0,0
"J866","西一里塚遺跡群","Nagano","Chubu","Yayoi",0,1,0,0,0,0,0,1,1,0,0,0,0
"J827","荒尾南遺跡","Gifu","Chubu","Yayoi",1,1,0,0,0,0,0,0,1,1,1,1,1
"J138","今宿遺跡","Gifu","Chubu","Yayoi",0,1,0,0,0,0,0,0,1,0,0,0,0
"J828","荒尾南遺跡Ｃ地区","Gifu","Chubu","Yayoi",1,0,0,0,0,0,0,0,0,1,1,1,0
"J537","有東遺跡","Shizuoka","Chubu","Yayoi",0,0,0,0,0,0,0,0,0,0,0,0,0
"J143","伊場遺跡","Shizuoka","Chubu","Yayoi",1,1,0,0,0,0,0,0,1,0,0,0,1
"J391","山木遺跡","Shizuoka","Chubu","Yayoi",1,1,0,0,1,0,0,0,1,0,1,1,1
"J702","玉越遺跡","Shizuoka","Chubu","Yayoi",1,1,0,0,0,0,0,0,1,1,1,0,0
"J172","六ノ坪Ⅳ遺跡","Shizuoka","Chubu","Yayoi",0,0,0,0,0,0,0,0,0,0,0,0,0
"J28","上ノ平遺跡","Shizuoka","Chubu","Yayoi",0,1,0,0,0,0,0,0,1,0,0,0,0
"J362","将監名遺跡","Shizuoka","Chubu","Yayoi",0,1,0,0,0,0,0,0,1,0,0,0,0
"J534","曲金北遺跡","Shizuoka","Chubu","Yayoi",0,0,0,0,0,0,0,0,0,0,0,0,0
"J727","登呂遺跡","Shizuoka","Chubu","Yayoi",1,1,0,0,0,0,0,0,1,1,1,1,1
"J506","手越向山遺跡","Shizuoka","Chubu","Yayoi",0,1,0,0,0,0,0,1,0,0,0,0,0
"J971","雌鹿塚遺跡","Shizuoka","Chubu","Yayoi",1,0,0,0,0,0,0,0,0,1,1,0,1
"J89","中田北遺跡","Shizuoka","Chubu","Yayoi",0,0,0,0,0,0,0,0,0,0,0,0,0
"J540","朝日遺跡","Aichi","Chubu","Yayoi",1,1,0,0,0,0,0,1,1,1,1,1,1
"J16","一色青海遺跡","Aichi","Chubu","Yayoi",1,1,0,0,0,0,0,1,1,0,1,1,1
"J30","上品野遺跡","Aichi","Chubu","Yayoi",1,0,0,0,0,0,0,0,0,1,0,1,1
"J497","惣作遺跡","Aichi","Chubu","Yayoi",0,0,0,0,0,0,0,0,0,0,0,0,0
"J885","西浦遺跡","Aichi","Chubu","Yayoi",0,1,0,0,0,0,0,1,1,0,0,0,0
"J219","古井堤遺跡","Aichi","Chubu","Yayoi",1,0,0,0,1,0,0,0,0,0,1,0,0
"J274","坂戸遺跡","Aichi","Chubu","Yayoi",1,0,0,0,0,0,0,0,0,0,0,0,1
"J800","篠束遺跡","Aichi","Chubu","Yayoi",1,1,0,0,0,0,0,0,1,1,1,0,0
"J779","神明遺跡","Aichi","Chubu","Yayoi",0,0,0,0,0,0,0,0,0,0,0,0,0
"J205","南山畑遺跡","Aichi","Chubu","Yayoi",0,0,0,0,0,0,0,0,0,0,0,0,0
"J457","平手町遺跡","Aichi","Chubu","Yayoi",1,0,0,0,0,0,0,0,0,1,0,0,0
"J794","筋違遺跡","Mie","Kansai","Yayoi",1,1,0,0,0,0,0,0,1,1,0,0,0
"J836","菟上遺跡","Mie","Kansai","Yayoi",1,1,0,0,0,0,0,0,1,1,0,0,0
"J786","稲里遺跡","Shiga","Kansai","Yayoi",0,1,0,0,0,0,0,1,1,0,0,0,0
"J591","柳遺跡","Shiga","Kansai","Yayoi",1,1,0,0,0,0,0,0,1,1,0,0,1
"J46","下之郷遺跡","Shiga","Kansai","Yayoi",1,1,0,0,0,0,0,0,1,0,0,1,0
"J940","針江浜遺跡","Shiga","Kansai","Yayoi",0,1,0,0,0,0,0,0,1,0,0,0,0
"J238","同志社高校理科館改築に伴う埋蔵文化財","Kyoto","Kansai","Yayoi",1,0,0,0,0,0,0,0,0,1,1,0,0
"J1007","鳥羽離宮跡","Kyoto","Kansai","Yayoi",0,1,0,0,0,0,0,0,1,0,0,0,0
"J931","野田遺跡","Kyoto","Kansai","Yayoi",1,0,0,0,0,0,0,0,0,1,0,1,1
"J705","瓜生堂遺跡","Osaka","Kansai","Yayoi",1,1,0,0,0,0,0,0,1,1,1,1,1
"J119","亀井・城山遺跡","Osaka","Kansai","Yayoi",1,1,0,0,0,0,0,0,1,1,1,1,1
"J821","若江北遺跡","Osaka","Kansai","Yayoi",1,0,0,0,0,0,0,0,0,1,1,1,0
"J122","亀井遺跡","Osaka","Kansai","Yayoi",1,1,0,0,0,0,0,0,1,1,0,0,0
"J152","佐堂遺跡","Osaka","Kansai","Yayoi",1,0,0,0,0,0,0,0,0,0,1,0,0
"J808","美園遺跡","Osaka","Kansai","Yayoi",1,0,0,0,0,0,0,0,0,1,1,1,0
"J281","城山遺跡","Osaka","Kansai","Yayoi",0,0,0,0,0,0,0,0,0,0,0,0,0
"J113","久宝寺南","Osaka","Kansai","Yayoi",1,1,0,0,0,0,0,0,1,0,1,1,0
"J419","巨摩・若江北遺跡","Osaka","Kansai","Yayoi",1,0,0,0,0,0,0,0,0,1,1,1,0
"J568","東奈良遺跡","Osaka","Kansai","Yayoi",0,0,0,0,0,0,0,0,0,0,0,0,0
"J492","志紀遺跡","Osaka","Kansai","Yayoi",1,0,0,0,0,0,0,0,0,0,0,1,0
"J651","池島・福万寺遺跡","Osaka","Kansai","Yayoi",1,1,0,0,0,0,0,0,1,1,1,1,0
"J516","新上小阪遺跡","Osaka","Kansai","Yayoi",1,1,0,0,0,0,0,0,1,1,1,1,1
"J182","勝部遺跡","Osaka","Kansai","Yayoi",1,1,0,0,1,0,0,1,1,1,0,0,0
"J783","私部南遺跡","Osaka","Kansai","Yayoi",1,1,0,0,0,0,0,1,1,0,1,0,0
"J847","蔀屋北，讃良郡","Osaka","Kansai","Yayoi",0,1,0,0,0,0,0,0,1,0,0,0,0
"J400","山賀遺跡","Osaka","Kansai","Yayoi",0,1,0,0,0,0,0,0,1,0,0,0,0
"J703","瓜生堂","Osaka","Kansai","Yayoi",1,0,0,0,0,0,0,0,0,0,1,0,0
"J752","矢田遺跡・瓜破遺跡","Osaka","Kansai","Yayoi",1,1,0,0,0,0,0,0,1,1,1,0,0
"J947","長原遺跡","Osaka","Kansai","Yayoi",1,1,0,0,1,0,0,1,1,1,1,0,0
"J974","難波宮址","Osaka","Kansai","Yayoi",0,0,0,0,0,0,0,0,0,0,0,0,0
"J418","巨摩・瓜生堂","Osaka","Kansai","Yayoi",1,0,0,0,0,0,0,0,0,1,1,1,0
"J707","瓜破遺跡","Osaka","Kansai","Yayoi",1,1,0,0,0,0,0,0,1,1,1,0,0
"J793","第2阪和国道内","Osaka","Kansai","Yayoi",1,1,0,0,0,0,0,0,1,1,1,1,1
"J815","芥川遺跡","Osaka","Kansai","Yayoi",1,0,0,0,0,0,0,0,0,0,1,1,0
"J994","高宮八丁遺跡","Osaka","Kansai","Yayoi",1,1,0,0,0,0,0,0,1,1,0,0,0
"J1005","鬼虎川遺跡","Osaka","Kansai","Yayoi",1,1,0,0,1,0,0,1,1,1,1,1,1
"J869","西之辻遺跡","Osaka","Kansai","Yayoi",1,1,0,0,0,0,0,0,1,1,0,0,0
"J637","水走・鬼虎川遺跡","Osaka","Kansai","Yayoi",1,1,0,0,0,0,0,0,1,1,0,0,0
"J862","西ノ辻遺跡","Osaka","Kansai","Yayoi",1,0,0,0,0,0,0,0,0,1,1,1,0
"J420","巨摩廃寺遺跡","Osaka","Kansai","Yayoi",1,0,0,0,0,0,0,0,0,0,1,1,0
"J678","津知遺跡(142地点）","Hyogo","Kansai","Yayoi",0,0,0,0,0,0,0,0,0,0,0,0,0
"J27","上ノ島遺跡","Hyogo","Kansai","Yayoi",1,1,0,0,1,0,0,0,1,1,0,0,1
"J721","田能遺跡","Hyogo","Kansai","Yayoi",1,0,0,0,0,0,0,0,0,1,1,0,0
"J548","本庄町遺跡","Hyogo","Kansai","Yayoi",1,1,0,0,0,0,0,0,1,1,0,0,0
"J700","玉津田中遺跡","Hyogo","Kansai","Yayoi",1,1,0,0,0,0,0,1,1,1,0,0,0
"J819","若松町遺跡","Hyogo","Kansai","Yayoi",0,0,0,0,0,0,0,0,0,0,0,0,0
"J613","権現遺跡","Hyogo","Kansai","Yayoi",1,1,0,0,0,0,0,0,1,1,0,1,0
"J977","雨流遺跡","Hyogo","Kansai","Yayoi",0,0,0,0,0,0,0,0,0,0,0,0,0
"J806","美乃利遺跡","Hyogo","Kansai","Yayoi",0,0,0,0,0,0,0,0,0,0,0,0,0
"J124","亀田遺跡","Hyogo","Kansai","Yayoi",1,0,0,0,0,0,0,0,0,1,1,1,0
"J403","岩屋遺跡","Hyogo","Kansai","Yayoi",1,0,0,0,0,0,0,0,0,1,1,1,0
"J48","下加茂遺跡","Hyogo","Kansai","Yayoi",0,1,0,0,0,0,0,0,1,0,0,0,0
"J1011","鴨都波遺跡","Nara","Kansai","Yayoi",1,0,0,0,0,0,0,0,0,0,1,0,0
"J257","唐古・鍵遺跡","Nara","Kansai","Yayoi",1,0,0,0,1,0,0,0,0,0,1,0,0
"J258","唐古遺跡","Nara","Kansai","Yayoi",1,1,0,0,0,0,0,0,1,1,1,1,1
"J276","坪井遺跡","Nara","Kansai","Yayoi",1,1,0,0,0,0,0,0,1,1,1,1,1
"J426","布留遺跡","Nara","Kansai","Yayoi",1,0,0,0,0,0,0,0,0,1,0,1,0
"J256","和繭・森本遺跡","Nara","Kansai","Yayoi",1,0,0,0,0,0,0,0,0,1,0,0,0
"J814","芝辻遺跡","Nara","Kansai","Yayoi",1,0,0,0,0,0,0,0,0,1,1,1,0
"J250","和爾・森本遺跡","Nara","Kansai","Yayoi",1,0,0,0,0,0,0,0,0,0,0,1,0
"J252","和爾・森本遺跡Ⅱ","Nara","Kansai","Yayoi",1,0,0,0,0,0,0,0,0,1,0,0,0
"J15","一町遺跡（新沢一遺跡）","Nara","Kansai","Yayoi",1,1,0,0,0,0,0,0,1,1,0,1,0
"J170","八条北遺跡","Nara","Kansai","Yayoi",1,0,0,0,0,0,0,0,0,1,0,0,0
"J532","曲川遺跡","Nara","Kansai","Yayoi",1,1,0,0,0,0,0,0,1,1,1,1,1
"J894","観音寺本馬遺跡Ⅱ","Nara","Kansai","Yayoi",0,0,0,0,0,0,0,0,0,0,0,0,0
"J601","桂見遺跡","Tottori","Chugoku","Yayoi",1,1,0,0,0,0,0,0,1,0,1,1,0
"J231","史跡妻木晩田遺跡","Tottori","Chugoku","Yayoi",1,1,0,0,1,0,0,1,1,1,1,1,1
"J982","青谷上寺地遺跡7","Tottori","Chugoku","Yayoi",1,1,0,0,0,0,0,0,1,0,1,0,0
"J605","梅田萱峯遺跡","Tottori","Chugoku","Yayoi",0,1,0,0,0,0,0,1,1,0,0,0,0
"J980","青谷上寺地遺跡","Tottori","Chugoku","Yayoi",1,1,0,0,1,0,0,1,1,1,1,1,1
"J747","目久美遺跡","Tottori","Chugoku","Yayoi",1,1,0,0,0,0,0,1,1,1,1,0,0
"J553","本高弓ノ木遺跡","Tottori","Chugoku","Yayoi",0,0,0,0,0,0,0,0,0,0,0,0,0
"J130","五丁遺跡","Shimane","Chugoku","Yayoi",1,0,0,0,0,0,0,0,0,1,0,1,0
"J917","道休畑遺跡","Shimane","Chugoku","Yayoi",1,1,0,0,1,0,0,1,1,1,1,1,1
"J878","西川津遺跡","Shimane","Chugoku","Yayoi",1,1,0,0,0,0,0,1,1,1,1,1,0
"J414","川入・上東遺跡","Okayama","Chugoku","Yayoi",0,1,0,0,0,0,0,0,1,0,0,0,0
"J350","宮尾遺跡","Okayama","Chugoku","Yayoi",0,0,0,0,0,0,0,0,0,0,0,0,0
"J602","桃山遺跡","Okayama","Chugoku","Yayoi",0,0,0,0,0,0,0,0,0,0,0,0,0
"J741","百間川原尾島遺跡","Okayama","Chugoku","Yayoi",1,0,0,0,0,0,0,0,0,1,1,1,0
"J743","百間川沢田遺跡","Okayama","Chugoku","Yayoi",1,0,0,0,0,0,0,0,0,1,0,0,0
"J719","田益田中（国立病院）遺跡","Okayama","Chugoku","Yayoi",1,0,0,0,0,0,0,0,0,1,0,0,0
"J677","津島遺跡","Okayama","Chugoku","Yayoi",0,1,0,0,0,0,0,0,1,0,0,0,0
"J611","樋ヶ鼻遺跡","Okayama","Chugoku","Yayoi",0,0,0,0,0,0,0,0,0,0,0,0,0
"J943","鍛冶屋D遺跡","Okayama","Chugoku","Yayoi",0,0,0,0,0,0,0,0,0,0,0,0,0
"J686","清水谷遺跡","Okayama","Chugoku","Yayoi",1,0,0,0,0,0,0,0,0,1,0,0,0
"J189","北溝手遺跡","Okayama","Chugoku","Yayoi",0,0,0,0,0,0,0,0,0,0,0,0,0
"J310","大宮遺跡","Hiroshima","Chugoku","Yayoi",1,0,0,0,0,0,0,0,0,0,1,0,0
"J909","赤羽遺跡","Hiroshima","Chugoku","Yayoi",0,0,0,0,0,0,0,0,0,0,0,0,0
"J587","柳瀬遺跡","Yamaguchi","Chugoku","Yayoi",1,0,0,0,0,0,0,0,0,1,0,0,0
"J402","岡山遺跡","Yamaguchi","Chugoku","Yayoi",1,1,0,0,0,0,0,0,1,1,0,0,1
"J62","下東遺跡","Yamaguchi","Chugoku","Yayoi",1,1,0,0,0,0,0,0,1,1,0,0,0
"J830","荻峠遺跡","Yamaguchi","Chugoku","Yayoi",0,0,0,0,0,0,0,0,0,0,0,0,0
"J312","大崎遺跡","Yamaguchi","Chugoku","Yayoi",1,0,0,0,0,0,0,0,0,1,0,0,0
"J541","朝田墳墓群","Yamaguchi","Chugoku","Yayoi",1,1,0,0,0,0,0,0,1,1,0,0,0
"J61","下村遺跡","Yamaguchi","Chugoku","Yayoi",1,1,0,0,0,0,0,0,1,0,0,0,1
"J691","湯田条里跡","Yamaguchi","Chugoku","Yayoi",1,0,0,0,0,1,0,0,0,1,1,1,0
"J759","石井城ノ内遺跡","Tokushima","Shikoku","Yayoi",1,1,0,0,1,0,0,1,0,0,0,0,0
"J325","大谷尻遺跡","Tokushima","Shikoku","Yayoi",1,1,0,0,0,0,0,0,1,1,0,0,0
"J7","カネガ谷遺跡","Tokushima","Shikoku","Yayoi",1,1,0,0,0,0,0,0,1,1,0,0,0
"J788","空港跡地遺跡","Kagawa","Shikoku","Yayoi",1,0,0,0,0,0,0,0,0,0,0,0,1
"J360","寺田・産宮通遺跡","Kagawa","Shikoku","Yayoi",1,0,0,0,0,0,0,0,0,1,0,1,0
"J416","川津下樋遺跡","Kagawa","Shikoku","Yayoi",1,0,0,0,0,0,0,0,0,1,0,0,0
"J1017","龍川五条遺跡","Kagawa","Shikoku","Yayoi",1,0,0,0,0,0,0,0,0,1,0,0,0
"J104","中間西井坪遺跡","Kagawa","Shikoku","Yayoi",1,0,0,0,0,0,0,0,0,1,0,0,0
"J1010","鴨部・川田遺跡","Kagawa","Shikoku","Yayoi",1,0,0,0,0,0,0,0,0,1,1,1,0
"J510","拝鷹山貝塚","Ehime","Shikoku","Yayoi",0,0,0,0,0,0,0,0,0,0,0,0,0
"J404","岩崎遺跡","Ehime","Shikoku","Yayoi",1,0,0,0,0,0,0,0,0,1,0,0,0
"J40","上苅屋遺跡","Ehime","Shikoku","Yayoi",1,1,0,0,0,0,0,0,1,1,0,0,0
"J620","樽味四反地遺跡","Ehime","Shikoku","Yayoi",0,0,0,0,0,0,0,0,0,0,0,0,0
"J47","下分遠崎遺跡","Kochi","Shikoku","Yayoi",1,0,0,0,1,0,0,0,0,1,0,0,0
"J816","花宴遺跡","Kochi","Shikoku","Yayoi",1,1,0,0,0,0,0,1,1,1,0,0,0
"J484","徳王子前島遺跡","Kochi","Shikoku","Yayoi",0,1,0,0,0,0,0,0,1,0,0,0,0
"J485","徳王子大崎遺跡","Kochi","Shikoku","Yayoi",0,1,0,0,0,0,0,0,1,0,0,0,0
"J288","堤上原遺跡","Fukuoka","Kyushu","Yayoi",0,1,0,0,0,0,0,1,1,0,0,0,0
"J13","一ノ口遺跡","Fukuoka","Kyushu","Yayoi",1,0,0,0,0,0,0,0,0,1,1,0,0
"J188","北松尾口遺跡","Fukuoka","Kyushu","Yayoi",1,0,0,0,0,0,0,0,0,1,0,0,0
"J317","大板井遺跡","Fukuoka","Kyushu","Yayoi",0,0,0,0,0,0,0,0,0,0,0,0,0
"J673","津古片曽葉遺跡","Fukuoka","Kyushu","Yayoi",1,0,0,0,0,0,0,0,0,1,0,0,0
"J23","三沢蓬ヶ浦遺跡","Fukuoka","Kyushu","Yayoi",1,1,0,0,1,0,0,1,1,1,0,0,0
"J207","南方・上ヶ田遺跡","Fukuoka","Kyushu","Yayoi",0,0,0,0,0,0,0,0,0,0,0,0,0
"J963","長野小西田遺跡","Fukuoka","Kyushu","Yayoi",1,1,0,0,0,0,0,0,1,1,0,0,1
"J225","古立東遺跡","Fukuoka","Kyushu","Yayoi",1,1,0,0,0,0,0,0,1,1,0,0,0
"J681","海津横馬場遺跡","Fukuoka","Kyushu","Yayoi",1,1,0,0,0,0,0,0,1,1,0,0,0
"J111","久保遺跡","Fukuoka","Kyushu","Yayoi",0,1,0,0,0,0,0,0,1,0,0,0,0
"J527","日焼遺跡","Fukuoka","Kyushu","Yayoi",1,0,0,0,0,0,0,0,0,1,0,0,0
"J233","合町遺跡","Fukuoka","Kyushu","Yayoi",0,1,0,0,0,0,0,0,1,0,0,0,0
"J633","比恵台地遺跡","Fukuoka","Kyushu","Yayoi",1,1,0,0,0,0,0,1,1,1,1,0,0
"J933","金場遺跡","Fukuoka","Kyushu","Yayoi",1,1,0,0,0,0,0,1,1,1,0,0,0
"J915","辻田遺跡","Fukuoka","Kyushu","Yayoi",1,0,0,0,0,0,0,0,0,1,0,0,0
"J1013","鶴町遺跡","Fukuoka","Kyushu","Yayoi",1,0,0,0,0,0,0,0,0,1,1,0,1
"J264","四箇周辺遺跡","Fukuoka","Kyushu","Yayoi",1,0,0,0,0,0,0,0,0,1,1,0,0
"J253","和田B遺跡","Fukuoka","Kyushu","Yayoi",0,0,0,0,0,0,0,0,0,0,0,0,0
"J792","笠抜遺跡","Fukuoka","Kyushu","Yayoi",1,0,0,0,0,0,0,0,0,0,0,0,1
"J59","下月隈C遺跡","Fukuoka","Kyushu","Yayoi",1,1,0,0,1,0,0,1,1,1,0,0,0
"J923","那珂遺跡群","Fukuoka","Kyushu","Yayoi",0,0,0,0,0,0,0,0,0,0,0,0,0
"J201","千里遺跡","Fukuoka","Kyushu","Yayoi",1,1,0,0,0,0,0,0,1,1,0,0,0
"J1002","鬼熊遺跡","Fukuoka","Kyushu","Yayoi",1,0,0,0,0,0,0,0,0,0,0,0,0
"J109","久保園遺跡","Fukuoka","Kyushu","Yayoi",1,1,0,0,0,0,0,0,1,1,0,0,0
"J1001","高畑遺跡","Fukuoka","Kyushu","Yayoi",0,1,0,0,0,0,0,0,1,0,0,0,0
"J217","原遺跡","Fukuoka","Kyushu","Yayoi",1,1,0,0,0,0,0,1,0,0,0,0,0
"J157","元岡・桑原遺跡群","Fukuoka","Kyushu","Yayoi",1,0,0,0,0,0,0,0,0,1,0,0,1
"J136","今宿五郎江遺跡","Fukuoka","Kyushu","Yayoi",1,0,0,0,0,0,0,0,0,1,0,0,0
"J300","大保横枕遺跡","Fukuoka","Kyushu","Yayoi",1,1,0,0,0,0,0,0,1,1,0,0,0
"J311","大崎後原遺跡","Fukuoka","Kyushu","Yayoi",1,0,0,0,1,0,0,0,0,0,0,0,0
"J34","上岩田遺跡","Fukuoka","Kyushu","Yayoi",0,0,0,0,0,0,0,0,0,0,0,0,0
"J408","峠遺跡","Fukuoka","Kyushu","Yayoi",1,0,0,0,0,0,0,0,0,1,0,1,0
"J575","東蒲池門前遺跡","Fukuoka","Kyushu","Yayoi",0,0,0,0,0,0,0,0,0,0,0,0,0
"J888","西蒲池池淵遺跡","Fukuoka","Kyushu","Yayoi",1,0,0,0,0,0,0,0,0,0,0,0,1
"J114","久蘇遺跡","Saga","Kyushu","Yayoi",0,0,0,0,0,0,0,0,0,0,0,0,0
"J486","徳蔵谷遺跡","Saga","Kyushu","Yayoi",1,0,0,0,0,0,0,0,0,1,0,0,0
"J835","菜畑遺跡","Saga","Kyushu","Yayoi",0,1,0,0,0,0,0,1,0,0,0,0,0
"J338","安永田遺跡","Saga","Kyushu","Yayoi",1,1,0,0,0,0,0,0,1,0,0,0,1
"J214","原の辻遺跡","Nagasaki","Kyushu","Yayoi",0,0,0,0,0,0,0,0,0,0,0,0,0
"J260","四反田遺跡","Nagasaki","Kyushu","Yayoi",1,0,0,0,0,0,0,0,0,1,0,0,0
"J74","中ノ瀬遺跡","Nagasaki","Kyushu","Yayoi",0,0,0,0,0,0,0,0,0,0,0,0,0
"J674","津吉遺跡","Nagasaki","Kyushu","Yayoi",1,0,0,0,0,0,0,0,0,1,0,0,0
"J881","西方町遺跡","Kumamoto","Kyushu","Yayoi",1,0,0,0,0,0,0,0,0,1,1,0,0
"J663","河陽F遺跡","Kumamoto","Kyushu","Yayoi",1,0,0,0,0,0,0,0,0,1,0,0,0
"J178","前田遺跡","Kumamoto","Kyushu","Yayoi",1,1,0,0,1,0,0,0,1,1,0,0,0
"J394","山王遺跡","Kumamoto","Kyushu","Yayoi",0,0,0,0,0,0,0,0,0,0,0,0,0
"J52","下堀切遺跡","Kumamoto","Kyushu","Yayoi",1,1,0,0,0,0,0,0,1,1,1,0,0
"J72","下郡桑苗遺跡","Oita","Kyushu","Yayoi",1,1,0,0,0,0,0,0,1,1,1,1,0
"J337","安国寺弥生式遺跡","Oita","Kyushu","Yayoi",1,0,0,0,0,0,0,0,0,1,1,1,1
"J844","葛原遺跡","Oita","Kyushu","Yayoi",1,1,0,0,0,0,0,1,1,1,0,0,0
"J322","大行事遺跡","Oita","Kyushu","Yayoi",0,1,0,0,0,0,0,1,1,0,0,0,0
"J153","佐寺原遺跡","Oita","Kyushu","Yayoi",1,1,0,0,0,0,0,1,1,1,1,0,1
"J320","大浦遺跡","Miyazaki","Kyushu","Yayoi",0,0,0,0,0,0,0,0,0,0,0,0,0
"J460","平田遺跡","Miyazaki","Kyushu","Yayoi",1,1,0,0,0,0,0,0,1,1,0,0,0
"J166","八幡第2遺跡","Miyazaki","Kyushu","Yayoi",1,1,0,0,0,0,0,0,1,1,0,0,0
"J265","国光原遺跡","Miyazaki","Kyushu","Yayoi",1,1,0,0,0,0,0,0,1,1,0,0,0
"J902","赤坂遺跡","Miyazaki","Kyushu","Yayoi",0,1,0,0,0,0,0,1,1,0,0,0,0
"J690","湯牟田遺跡","Miyazaki","Kyushu","Yayoi",1,1,0,0,0,0,0,0,1,1,0,0,0
"J897","諸麦遺跡","Miyazaki","Kyushu","Yayoi",1,1,0,0,0,0,0,1,1,0,0,0,0
"J908","赤石遺跡","Miyazaki","Kyushu","Yayoi",1,0,0,0,0,0,0,0,0,1,0,0,0
"J155","働女木遺跡","Miyazaki","Kyushu","Yayoi",0,1,0,0,0,0,0,0,1,0,0,0,0
"J608","椎屋形第1遺跡","Miyazaki","Kyushu","Yayoi",1,0,0,0,0,0,0,0,0,0,0,0,0
"J135","京田遺跡","Kagoshima","Kyushu","Yayoi",1,1,0,0,0,0,0,0,1,1,0,0,0
"J193","十三塚遺跡","Kagoshima","Kyushu","Yayoi",1,1,0,0,0,0,0,0,1,1,0,0,0
"J285","基地内埋蔵文化財","Okinawa","Kyushu","Yayoi",0,0,0,0,0,0,0,0,0,0,0,0,0
"J716","田向冷水遺跡","Aomori","Tohoku","Kofun",1,1,0,0,1,0,0,0,1,0,1,1,0
"J656","沢田遺跡","Iwate","Tohoku","Kofun",1,1,0,0,0,0,0,1,1,0,1,0,0
"J396","山王遺跡","Miyagi","Tohoku","Kofun",1,0,0,0,0,0,0,0,0,0,1,0,0
"J397","山王遺跡Ⅰ","Miyagi","Tohoku","Kofun",1,1,0,0,1,1,0,0,1,1,1,0,1
"J522","新山崎遺跡","Miyagi","Tohoku","Kofun",1,0,0,0,0,0,0,0,0,0,1,1,0
"J667","沼向遺跡","Miyagi","Tohoku","Kofun",1,1,0,0,0,0,0,1,1,1,1,1,1
"J654","沓形遺跡","Miyagi","Tohoku","Kofun",0,1,0,0,0,0,0,1,1,0,0,0,0
"J399","山田遺跡","Yamagata","Tohoku","Kofun",0,1,0,0,0,0,0,0,1,0,0,0,0
"J883","西沼田遺跡","Yamagata","Tohoku","Kofun",1,1,0,0,0,0,0,0,1,1,0,0,0
"J63","下柳A遺跡","Yamagata","Tohoku","Kofun",1,0,0,0,0,0,0,0,0,0,1,0,0
"J333","太夫小屋2遺跡","Yamagata","Tohoku","Kofun",0,1,0,0,0,0,0,0,1,0,0,0,0
"J999","高擶南遺跡","Yamagata","Tohoku","Kofun",1,1,0,0,0,0,0,0,1,0,1,1,0
"J307","大塚遺跡","Yamagata","Tohoku","Kofun",0,0,0,0,0,0,0,0,0,0,0,0,0
"J812","興屋川原遺跡第1?4次発掘調査報告書","Yamagata","Tohoku","Kofun",0,1,0,0,0,0,0,0,1,0,0,0,0
"J755","矢馳A遺跡","Yamagata","Tohoku","Kofun",0,1,0,0,0,0,0,0,1,0,0,0,0
"J850","蔵増宮田遺跡","Yamagata","Tohoku","Kofun",1,0,0,0,1,0,0,0,0,0,0,0,0
"J508","折返A菅俣B遺跡","Fukushima","Tohoku","Kofun",1,1,0,0,0,0,0,1,1,1,1,0,0
"J308","大安場古墳群","Fukushima","Tohoku","Kofun",0,1,0,0,0,0,0,0,1,0,0,0,0
"J906","赤柴遺跡","Fukushima","Tohoku","Kofun",1,0,0,0,0,0,0,0,0,0,1,0,0
"J874","西原遺跡","Ibaraki","Kanto","Kofun",1,0,0,0,0,0,0,0,0,1,0,0,0
"J989","馬場遺跡","Ibaraki","Kanto","Kofun",1,1,0,0,0,0,0,0,1,1,0,0,0
"J410","島名ツバタ遺跡","Ibaraki","Kanto","Kofun",0,0,0,0,0,0,0,0,0,0,0,0,0
"J342","実穀寺子遺跡","Ibaraki","Kanto","Kofun",1,0,0,0,0,0,0,0,0,1,0,0,0
"J913","辰海道遺跡","Ibaraki","Kanto","Kofun",0,1,0,0,0,0,0,0,1,0,0,0,0
"J851","薬師後遺跡","Ibaraki","Kanto","Kofun",0,0,0,0,0,0,0,0,0,0,0,0,0
"J627","武田遺跡群","Ibaraki","Kanto","Kofun",1,1,0,0,1,0,0,1,1,0,0,0,0
"J1","（武田）原前遺跡","Ibaraki","Kanto","Kofun",0,1,0,0,0,0,0,1,1,0,0,0,0
"J625","武田西塙遺跡","Ibaraki","Kanto","Kofun",0,1,0,0,0,0,0,1,1,0,0,0,0
"J356","富士前遺跡","Tochigi","Kanto","Kofun",1,0,0,0,0,0,0,0,0,0,1,0,0
"J772","磯岡遺跡Ⅰ区","Tochigi","Kanto","Kofun",0,0,0,0,0,0,0,0,0,0,0,0,0
"J791","立野遺跡","Tochigi","Kanto","Kofun",1,0,0,0,0,0,0,0,0,1,0,0,0
"J872","西刑部西原遺跡","Tochigi","Kanto","Kofun",0,1,0,0,0,0,0,1,1,0,0,0,0
"J331","天神林遺跡","Gunma","Kanto","Kofun",0,0,0,0,0,0,0,0,0,0,0,0,0
"J187","北東・堤下遺跡","Gunma","Kanto","Kofun",1,0,0,0,0,0,0,0,0,1,0,0,0
"J190","北町遺跡","Gunma","Kanto","Kofun",1,1,0,0,0,0,0,0,1,0,1,0,0
"J518","新保遺跡","Gunma","Kanto","Kofun",1,0,0,0,0,0,0,0,0,1,1,1,0
"J22","三室間ノ谷遺跡","Gunma","Kanto","Kofun",1,0,0,0,0,0,0,0,0,1,1,0,0
"J125","二之宮宮下東遺跡","Gunma","Kanto","Kofun",1,1,0,0,0,0,0,1,1,1,1,0,1
"J105","中高瀬観音山遺跡","Gunma","Kanto","Kofun",1,1,0,0,0,0,0,0,1,0,1,0,0
"J730","白井北中道Ⅱ遺跡","Gunma","Kanto","Kofun",1,0,0,0,0,0,0,0,0,0,1,0,0
"J247","吹屋犬子塚遺跡","Gunma","Kanto","Kofun",0,1,0,0,0,0,0,0,1,0,0,0,0
"J246","吹屋中原","Gunma","Kanto","Kofun",1,0,0,0,0,0,0,0,0,1,1,0,0
"J159","元総社寺田遺跡Ⅲ","Gunma","Kanto","Kofun",1,0,0,0,0,0,0,0,0,1,1,1,0
"J732","白井南中道遺跡","Gunma","Kanto","Kofun",0,1,0,0,0,0,0,1,0,0,0,0,0
"J729","白井丸岩遺跡","Gunma","Kanto","Kofun",0,0,0,0,0,0,0,0,0,0,0,0,0
"J731","白井北中道遺跡","Gunma","Kanto","Kofun",0,1,0,0,0,0,0,1,0,0,0,0,0
"J733","白倉下原・天引向原遺跡Ⅳ","Gunma","Kanto","Kofun",1,1,0,0,0,0,0,0,1,0,1,0,0
"J480","御風呂遺跡","Gunma","Kanto","Kofun",0,0,0,0,0,0,0,0,0,0,0,0,0
"J679","浜川高田遺跡","Gunma","Kanto","Kofun",0,0,0,0,0,0,0,0,0,0,0,0,0
"J165","八寸長溝遺跡","Gunma","Kanto","Kofun",0,0,0,0,0,0,0,0,0,0,0,0,0
"J765","石墨遺跡","Gunma","Kanto","Kofun",0,1,0,0,0,0,0,0,1,0,0,0,0
"J672","波志江中屋敷東遺跡","Gunma","Kanto","Kofun",1,0,0,0,0,0,0,0,0,1,1,0,0
"J616","横手湯田遺跡","Gunma","Kanto","Kofun",1,0,0,0,0,0,0,0,0,1,1,0,0
"J482","徳丸仲田遺跡","Gunma","Kanto","Kofun",1,1,0,0,0,0,0,0,1,0,1,0,0
"J75","中内村前遺跡","Gunma","Kanto","Kofun",0,0,0,0,0,0,0,0,0,0,0,0,0
"J380","小野地区水田址遺跡","Gunma","Kanto","Kofun",1,0,0,0,0,0,0,0,0,0,1,0,0
"J829","荒砥北三木堂Ⅱ遺跡","Gunma","Kanto","Kofun",1,1,0,0,0,0,0,0,1,0,1,0,0
"J123","亀泉坂上遺跡","Gunma","Kanto","Kofun",1,0,0,0,0,0,0,0,0,1,1,0,0
"J511","斉田中耕地遺跡","Gunma","Kanto","Kofun",0,0,0,0,0,0,0,0,0,0,0,0,0
"J87","中村遺跡","Gunma","Kanto","Kofun",1,1,0,0,0,0,0,0,1,1,0,0,0
"J192","北谷遺跡","Gunma","Kanto","Kofun",0,0,0,0,0,0,0,0,0,0,0,0,0
"J93","中筋遺跡","Gunma","Kanto","Kofun",0,1,0,0,0,0,0,1,1,0,0,0,0
"J45","下中居条里遺跡","Gunma","Kanto","Kofun",0,1,0,0,0,0,0,0,1,0,0,0,0
"J837","萩原沖中遺跡","Gunma","Kanto","Kofun",0,1,0,0,0,0,0,0,1,0,0,0,0
"J769","砂町遺跡（第1次）","Gunma","Kanto","Kofun",0,0,0,0,0,0,0,0,0,0,0,0,0
"J770","砂町遺跡（第3次）","Gunma","Kanto","Kofun",1,0,0,0,0,0,0,0,0,0,1,0,0
"J36","上新田中道東遺跡","Gunma","Kanto","Kofun",0,1,0,0,0,0,0,0,1,0,0,0,0
"J966","阿弥大寺本郷遺跡","Gunma","Kanto","Kofun",0,1,0,0,0,0,0,0,1,0,0,0,0
"J94","中耕遺跡","Saitama","Kanto","Kofun",0,0,0,0,0,0,0,0,0,0,0,0,0
"J357","富士前遺跡（第15地点）","Saitama","Kanto","Kofun",0,1,0,0,0,0,0,1,1,0,0,0,0
"J284","城敷遺跡","Saitama","Kanto","Kofun",1,1,0,0,0,0,0,0,1,0,1,1,0
"J218","反町遺跡","Saitama","Kanto","Kofun",1,0,0,0,0,0,0,0,0,0,1,1,0
"J66","下田遺跡","Saitama","Kanto","Kofun",1,1,0,0,0,0,0,0,1,1,0,1,0
"J487","志木市遺跡群","Saitama","Kanto","Kofun",0,1,0,0,0,0,0,1,1,0,0,0,0
"J282","城山遺跡","Saitama","Kanto","Kofun",0,1,0,0,0,0,0,1,1,0,0,0,0
"J77","中富遺跡","Chiba","Kanto","Kofun",1,0,0,0,0,0,0,0,0,0,1,0,0
"J428","常代遺跡群","Chiba","Kanto","Kofun",0,0,0,0,0,0,0,0,0,0,0,0,0
"J39","上総金鈴塚古墳","Chiba","Kanto","Kofun",0,0,0,0,0,0,0,0,0,0,0,0,0
"J291","夏見台遺跡","Chiba","Kanto","Kofun",0,0,0,0,0,0,0,0,0,0,0,0,0
"J535","有吉北貝塚2","Chiba","Kanto","Kofun",0,1,0,0,0,0,0,0,1,0,0,0,0
"J824","草刈遺跡","Chiba","Kanto","Kofun",1,0,0,0,1,0,0,0,0,0,0,0,0
"J268","国府関遺跡","Chiba","Kanto","Kofun",1,0,0,0,0,0,0,0,0,1,1,1,0
"J6","うならすず遺跡","Chiba","Kanto","Kofun",0,1,0,0,0,0,0,0,1,0,0,0,0
"J784","秋山神宿遺跡","Chiba","Kanto","Kofun",0,1,0,0,0,0,0,0,1,0,0,0,0
"J990","馬屋敷遺跡","Chiba","Kanto","Kofun",0,1,0,0,0,0,0,0,1,0,0,0,0
"J543","木戸前遺跡","Chiba","Kanto","Kofun",0,0,0,0,0,0,0,0,0,0,0,0,0
"J919","道免き谷津遺跡","Chiba","Kanto","Kofun",0,0,0,0,0,0,0,0,0,0,0,0,0
"J295","多摩ニュータウンNo.197遺跡","Tokyo","Kanto","Kofun",0,0,0,0,0,0,0,0,0,0,0,0,0
"J20","三吉野遺跡群","Tokyo","Kanto","Kofun",0,1,0,0,0,0,0,1,0,0,0,0,0
"J297","多摩ニュータウンNo.918","Tokyo","Kanto","Kofun",1,1,0,0,0,0,0,0,1,0,1,0,0
"J92","中田遺跡","Tokyo","Kanto","Kofun",1,1,0,0,0,0,0,1,0,0,1,0,0
"J639","氷川遺跡","Tokyo","Kanto","Kofun",1,1,0,0,0,0,0,1,1,0,1,0,0
"J694","瀬戸岡古墳群","Tokyo","Kanto","Kofun",0,0,0,0,0,0,0,0,0,0,0,0,0
"J144","伊興遺跡","Tokyo","Kanto","Kofun",1,1,0,0,0,0,0,0,1,1,1,0,0
"J998","高島平北","Tokyo","Kanto","Kofun",1,0,0,0,0,0,0,0,0,0,1,0,0
"J549","本郷遺跡Ⅱ","Tokyo","Kanto","Kofun",0,0,0,0,0,0,0,0,0,0,0,0,0
"J226","古録天東遺跡Ⅳ","Tokyo","Kanto","Kofun",1,1,0,0,0,0,0,0,1,0,1,0,0
"J41","上落合二丁目西遺跡","Tokyo","Kanto","Kofun",0,1,0,0,0,0,0,0,1,0,0,0,0
"J464","広町遺跡","Tokyo","Kanto","Kofun",1,1,0,0,0,0,0,0,1,1,0,0,0
"J490","志村城山遺跡","Tokyo","Kanto","Kofun",1,1,0,0,0,0,0,1,1,0,1,0,0
"J898","豊島馬場遺跡","Tokyo","Kanto","Kofun",0,0,0,0,0,0,0,0,0,0,0,0,0
"J524","日吉加瀬古墳","Kanagawa","Kanto","Kofun",0,0,0,0,0,0,0,0,0,0,0,0,0
"J649","池子遺跡群","Kanagawa","Kanto","Kofun",0,0,0,0,0,0,0,0,0,0,0,0,0
"J180","加瀬台古墳群","Kanagawa","Kanto","Kofun",0,0,0,0,0,0,0,0,0,0,0,0,0
"J185","北川表の上遺跡","Kanagawa","Kanto","Kofun",1,1,0,0,0,0,0,0,1,1,0,0,0
"J658","河原口坊中遺跡","Kanagawa","Kanto","Kofun",1,1,0,0,0,0,0,1,1,1,0,1,0
"J746","的場遺跡","Niigata","Chubu","Kofun",1,0,0,0,0,0,0,0,0,1,1,1,1
"J32","上大川遺跡","Niigata","Chubu","Kofun",0,1,0,0,0,0,0,0,1,0,0,0,0
"J235","吉津川遺跡","Niigata","Chubu","Kofun",1,1,0,0,0,0,0,0,1,0,1,0,0
"J936","金曲遺跡","Niigata","Chubu","Kofun",0,0,0,0,0,0,0,0,0,0,0,0,0
"J920","道端遺跡Ⅲ","Niigata","Chubu","Kofun",1,1,0,0,0,0,0,0,1,1,0,1,0
"J174","六斗蒔遺跡","Niigata","Chubu","Kofun",1,1,0,0,0,0,0,1,1,0,1,1,0
"J14","一杯田遺跡","Niigata","Chubu","Kofun",0,0,0,0,0,0,0,0,0,0,0,0,0
"J939","釜蓋遺跡","Niigata","Chubu","Kofun",0,1,0,0,0,0,0,0,1,0,0,0,0
"J132","五千石遺跡","Niigata","Chubu","Kofun",1,1,0,0,1,0,0,0,1,1,1,0,0
"J336","姫御前遺跡","Niigata","Chubu","Kofun",0,0,0,0,0,0,0,0,0,0,0,0,0
"J222","古津八幡山古墳","Niigata","Chubu","Kofun",0,1,0,0,0,0,0,0,1,0,0,0,0
"J95","中谷内遺跡","Toyama","Chubu","Kofun",1,1,0,0,0,0,0,0,1,0,0,1,1
"J198","千代・能美遺跡","Ishikawa","Chubu","Kofun",1,0,0,0,0,0,0,0,0,1,1,1,0
"J857","藤江C遺跡","Ishikawa","Chubu","Kofun",0,1,0,0,0,0,0,0,1,0,0,0,0
"J359","寺中遺跡","Ishikawa","Chubu","Kofun",0,1,0,0,0,0,0,0,1,0,0,0,0
"J126","二口かみあれた遺跡","Ishikawa","Chubu","Kofun",1,1,0,0,0,0,0,1,1,0,1,0,0
"J305","大坪遺跡","Yamanashi","Chubu","Kofun",0,0,0,0,0,0,0,0,0,0,0,0,0
"J272","坂井南遺跡","Yamanashi","Chubu","Kofun",1,0,0,0,0,0,0,0,0,0,0,0,1
"J563","村前東Ａ遺跡概報2","Yamanashi","Chubu","Kofun",0,1,0,0,0,0,0,0,1,0,0,0,0
"J664","油田遺跡","Yamanashi","Chubu","Kofun",1,1,0,0,0,0,0,0,1,0,0,1,0
"J313","大師東丹保遺跡Ⅳ区","Yamanashi","Chubu","Kofun",0,0,0,0,0,0,0,0,0,0,0,0,0
"J220","古婦毛遺跡","Yamanashi","Chubu","Kofun",0,1,0,0,0,0,0,1,1,0,0,0,0
"J561","村前東Ａ遺跡Ⅰ区","Yamanashi","Chubu","Kofun",0,1,0,0,0,0,0,0,1,0,0,0,0
"J558","村前東Ａ遺跡Ⅱ区","Yamanashi","Chubu","Kofun",1,1,0,0,0,0,0,0,1,0,1,0,0
"J623","武家遺跡","Yamanashi","Chubu","Kofun",0,1,0,0,0,0,0,1,1,0,0,0,0
"J942","銚子塚古墳附丸山塚古墳","Yamanashi","Chubu","Kofun",0,0,0,0,0,0,0,0,0,0,0,0,0
"J110","久保田遺跡","Nagano","Chubu","Kofun",0,0,0,0,0,0,0,0,0,0,0,0,0
"J914","辻前遺跡","Nagano","Chubu","Kofun",1,1,0,0,0,0,0,0,1,0,1,1,1
"J69","下聖端遺跡","Nagano","Chubu","Kofun",1,1,0,0,0,1,0,0,1,0,0,0,0
"J387","屋代遺跡群","Nagano","Chubu","Kofun",0,0,0,0,0,0,0,0,0,0,0,0,0
"J864","西一本柳遺跡ⅩⅣ","Nagano","Chubu","Kofun",0,1,0,0,0,0,0,0,1,0,0,0,0
"J369","小島・柳原遺跡群","Nagano","Chubu","Kofun",0,0,0,0,0,0,0,0,0,0,0,0,0
"J826","荒尾南遺跡","Gifu","Chubu","Kofun",1,0,0,0,0,0,0,0,0,0,1,0,0
"J18","三ヶ原古墳群","Gifu","Chubu","Kofun",0,0,0,0,0,0,0,0,0,0,0,0,0
"J137","今宿遺跡","Gifu","Chubu","Kofun",1,1,0,0,0,0,0,0,1,1,1,1,1
"J985","顔戸南遺跡","Gifu","Chubu","Kofun",1,0,0,0,0,0,0,0,0,1,1,1,0
"J595","柿田遺跡","Gifu","Chubu","Kofun",1,1,0,0,0,0,0,0,1,1,0,0,0
"J577","東野遺跡","Gifu","Chubu","Kofun",0,0,0,0,0,0,0,0,0,0,0,0,0
"J701","玉越遺跡","Shizuoka","Chubu","Kofun",0,0,0,0,0,0,0,0,0,0,0,0,0
"J533","曲金北遺跡","Shizuoka","Chubu","Kofun",0,1,0,0,0,0,0,0,1,0,0,0,0
"J539","朝日遺跡","Aichi","Chubu","Kofun",1,1,0,0,0,0,0,0,1,1,0,0,0
"J635","水入遺跡","Aichi","Chubu","Kofun",1,1,0,0,0,0,0,1,1,1,1,0,0
"J870","西側北遺跡","Aichi","Chubu","Kofun",1,0,0,0,0,0,0,0,0,1,0,0,0
"J778","神明遺跡","Aichi","Chubu","Kofun",0,0,0,0,0,0,0,0,0,0,0,0,0
"J496","惣作遺跡","Aichi","Chubu","Kofun",1,1,0,0,0,0,0,1,0,1,0,0,0
"J278","城之越遺跡","Mie","Kansai","Kofun",1,0,0,0,0,0,0,0,0,1,0,0,1
"J652","池新田遺跡","Mie","Kansai","Kofun",0,0,0,0,0,0,0,0,0,0,0,0,0
"J546","木造赤坂遺跡","Mie","Kansai","Kofun",1,0,0,0,0,0,0,0,0,1,0,0,0
"J326","大谷遺跡","Mie","Kansai","Kofun",1,0,0,0,0,0,0,0,0,0,0,0,0
"J661","河田宮ノ北遺跡","Mie","Kansai","Kofun",0,1,0,0,0,0,0,0,1,0,0,0,0
"J713","田丸道遺跡","Mie","Kansai","Kofun",1,1,0,0,0,0,0,0,1,1,1,0,0
"J162","入江内湖西野遺跡","Shiga","Kansai","Kofun",1,0,0,0,0,0,0,0,0,1,1,1,0
"J237","吉身西遺跡","Shiga","Kansai","Kofun",1,0,0,0,0,0,0,0,0,0,1,1,1
"J513","斗西遺跡","Shiga","Kansai","Kofun",1,0,0,0,1,0,0,0,0,0,0,1,0
"J550","本願寺遺跡","Shiga","Kansai","Kofun",1,0,0,0,0,0,0,0,0,1,0,1,0
"J163","入江内湖遺跡","Shiga","Kansai","Kofun",1,0,0,0,0,0,0,0,0,0,1,1,0
"J689","湯ノ部遺跡","Shiga","Kansai","Kofun",0,0,0,0,0,0,0,0,0,0,0,0,0
"J447","平安京右京六条一坊","Kyoto","Kansai","Kofun",0,0,0,0,0,0,0,0,0,0,0,0,0
"J952","長岡京跡左京","Kyoto","Kansai","Kofun",0,1,0,0,0,0,0,0,1,0,0,0,0
"J949","長岡京跡・羽束師遺跡","Kyoto","Kansai","Kofun",0,0,0,0,0,0,0,0,0,0,0,0,0
"J118","亀井・城山遺跡","Osaka","Kansai","Kofun",0,0,0,0,0,0,0,0,0,0,0,0,0
"J704","瓜生堂遺跡","Osaka","Kansai","Kofun",0,1,0,0,0,0,0,0,1,0,0,0,0
"J820","若江北遺跡","Osaka","Kansai","Kofun",0,0,0,0,0,0,0,0,0,0,0,0,0
"J807","美園遺跡","Osaka","Kansai","Kofun",0,1,0,0,0,0,0,0,1,0,0,0,0
"J121","亀井遺跡","Osaka","Kansai","Kofun",0,0,0,0,0,0,0,0,0,0,0,0,0
"J280","城山遺跡","Osaka","Kansai","Kofun",0,0,0,0,0,0,0,0,0,0,0,0,0
"J112","久宝寺北","Osaka","Kansai","Kofun",1,1,0,0,0,0,0,0,1,1,1,0,0
"J65","下田遺跡","Osaka","Kansai","Kofun",1,0,0,0,0,0,0,0,0,1,0,0,0
"J383","小阪合遺跡","Osaka","Kansai","Kofun",1,1,0,0,1,0,0,0,1,1,0,0,0
"J650","池島・福万寺遺跡","Osaka","Kansai","Kofun",0,1,0,0,0,0,0,0,1,0,0,0,0
"J515","新上小阪遺跡","Osaka","Kansai","Kofun",0,0,0,0,0,0,0,0,0,0,0,0,0
"J849","蔀屋北遺跡","Osaka","Kansai","Kofun",1,1,0,0,1,0,0,0,1,1,0,0,0
"J823","茄子作遺跡","Osaka","Kansai","Kofun",1,0,0,0,0,0,0,0,0,1,0,0,0
"J973","難波宮址","Osaka","Kansai","Kofun",0,0,0,0,0,0,0,0,0,0,0,0,0
"J706","瓜破北遺跡","Osaka","Kansai","Kofun",0,0,0,0,0,0,0,0,0,0,0,0,0
"J946","長原遺跡","Osaka","Kansai","Kofun",1,1,0,0,0,0,0,1,1,1,0,0,0
"J944","長原・瓜破遺跡","Osaka","Kansai","Kofun",0,0,0,0,0,0,0,0,0,0,0,0,0
"J475","御廟山古墳","Osaka","Kansai","Kofun",0,1,0,0,0,0,0,0,1,0,0,0,0
"J221","古市大溝","Osaka","Kansai","Kofun",0,0,0,0,0,0,0,0,0,0,0,0,0
"J409","峯ケ塚古墳","Osaka","Kansai","Kofun",0,0,0,0,0,0,0,0,0,0,0,0,0
"J868","西之辻遺跡","Osaka","Kansai","Kofun",1,1,0,0,0,0,0,0,1,1,0,0,0
"J1004","鬼虎川遺跡","Osaka","Kansai","Kofun",0,0,0,0,0,0,0,0,0,0,0,0,0
"J469","弥刀遺跡","Osaka","Kansai","Kofun",1,1,0,0,0,0,0,0,1,1,0,0,0
"J924","郡家遺跡","Hyogo","Kansai","Kofun",0,1,0,0,0,0,0,0,1,0,0,0,0
"J699","玉津田中遺跡","Hyogo","Kansai","Kofun",1,1,0,0,0,0,0,1,1,1,0,0,1
"J736","白水遺跡","Hyogo","Kansai","Kofun",0,1,0,0,0,0,0,0,1,0,0,0,0
"J150","住吉宮町遺跡（第20次）","Hyogo","Kansai","Kofun",0,0,0,0,0,0,0,0,0,0,0,0,0
"J582","松野遺跡","Hyogo","Kansai","Kofun",1,1,0,0,0,0,0,0,1,0,0,0,0
"J378","小路大町遺跡","Hyogo","Kansai","Kofun",0,1,0,0,0,0,0,0,1,0,0,0,0
"J976","雨流遺跡","Hyogo","Kansai","Kofun",1,0,0,0,0,0,0,0,0,1,0,0,0
"J133","五反田遺跡","Hyogo","Kansai","Kofun",1,0,0,0,0,0,0,0,0,1,1,1,0
"J597","栗鹿遺跡","Hyogo","Kansai","Kofun",0,0,0,0,0,0,0,0,0,0,0,0,0
"J593","柿坪遺跡","Hyogo","Kansai","Kofun",0,0,0,0,0,0,0,0,0,0,0,0,0
"J653","池田古墳","Hyogo","Kansai","Kofun",0,0,0,0,0,0,0,0,0,0,0,0,0
"J25","三番町遺跡","Hyogo","Kansai","Kofun",1,1,0,0,0,0,0,0,1,0,1,0,0
"J804","纒向遺跡","Nara","Kansai","Kofun",1,1,0,0,0,0,0,1,1,1,1,1,0
"J569","東安堵遺跡","Nara","Kansai","Kofun",1,0,0,0,0,0,0,0,0,0,1,0,0
"J255","和繭・森本遺跡","Nara","Kansai","Kofun",1,1,0,0,0,0,0,0,1,1,0,0,0
"J425","布留遺跡","Nara","Kansai","Kofun",1,1,0,0,0,0,0,0,1,1,1,1,1
"J670","法華寺垣内古墳","Nara","Kansai","Kofun",1,0,0,0,0,0,0,0,0,1,0,0,0
"J726","発志院遺跡","Nara","Kansai","Kofun",0,0,0,0,0,0,0,0,0,0,0,0,0
"J249","和爾・森本遺跡","Nara","Kansai","Kofun",1,0,0,0,0,0,0,0,0,1,0,0,0
"J753","矢部遺跡","Nara","Kansai","Kofun",0,1,0,0,0,0,0,0,1,0,0,0,0
"J251","和爾・森本遺跡Ⅱ","Nara","Kansai","Kofun",1,1,0,0,0,0,0,0,1,1,0,0,0
"J212","南郷大東遺跡","Nara","Kansai","Kofun",0,1,0,0,0,0,0,0,1,0,0,0,0
"J926","郡山広陵線（東安堵）","Nara","Kansai","Kofun",0,1,0,0,0,0,0,0,1,0,0,0,0
"J254","和田ワタナ遺跡・矢田原遺跡","Nara","Kansai","Kofun",1,0,0,0,0,0,0,0,0,1,0,0,0
"J131","五井遺跡","Nara","Kansai","Kofun",1,1,0,0,1,0,0,0,1,0,0,0,0
"J618","横田堂垣内遺跡","Nara","Kansai","Kofun",0,0,0,0,0,0,0,0,0,0,0,0,0
"J799","箸尾遺跡","Nara","Kansai","Kofun",0,0,0,0,0,0,0,0,0,0,0,0,0
"J116","乙木・佐保庄遺跡","Nara","Kansai","Kofun",1,0,0,0,0,0,0,0,0,1,0,0,1
"J718","田屋遺跡","Wakayama","Kansai","Kofun",1,0,0,0,0,0,0,0,0,1,0,0,0
"J880","西庄遺跡","Wakayama","Kansai","Kofun",0,1,0,0,0,0,0,1,1,0,0,0,0
"J956","長瀬高浜遺跡","Tottori","Chugoku","Kofun",0,0,0,0,0,0,0,0,0,0,0,0,0
"J134","井図地中ソネ遺跡","Tottori","Chugoku","Kofun",0,0,0,0,0,0,0,0,0,0,0,0,0
"J981","青谷上寺地遺跡7","Tottori","Chugoku","Kofun",0,0,0,0,0,0,0,0,0,0,0,0,0
"J979","青谷上寺地遺跡","Tottori","Chugoku","Kofun",1,1,0,0,1,0,0,1,1,1,1,1,1
"J596","栗谷遺跡","Tottori","Chugoku","Kofun",1,0,0,0,0,0,0,0,0,0,1,0,0
"J551","本高下ノ谷遺跡","Tottori","Chugoku","Kofun",1,0,0,0,0,0,0,0,0,0,1,0,0
"J552","本高弓ノ木遺跡","Tottori","Chugoku","Kofun",0,0,0,0,0,0,0,0,0,0,0,0,0
"J735","白枝本郷遺跡","Shimane","Chugoku","Kofun",0,1,0,0,0,0,0,0,1,0,0,0,0
"J299","大井窯跡群","Shimane","Chugoku","Kofun",1,0,0,0,0,0,0,0,0,1,0,0,0
"J413","川入・上東遺跡","Okayama","Chugoku","Kofun",1,1,0,0,0,0,0,1,0,0,0,0,0
"J349","宮尾遺跡","Okayama","Chugoku","Kofun",0,0,0,0,0,0,0,0,0,0,0,0,0
"J740","百間川原尾島遺跡","Okayama","Chugoku","Kofun",0,0,0,0,0,0,0,0,0,0,0,0,0
"J744","百間川米田遺跡（旧当麻遺跡）","Okayama","Chugoku","Kofun",0,0,0,0,0,0,0,0,0,0,0,0,0
"J833","菅生小学校裏山遺跡","Okayama","Chugoku","Kofun",1,0,0,0,0,0,0,0,0,0,1,0,0
"J742","百間川沢田遺跡","Okayama","Chugoku","Kofun",0,0,0,0,0,0,0,0,0,0,0,0,0
"J676","津島遺跡","Okayama","Chugoku","Kofun",1,1,0,0,0,0,0,1,1,0,0,0,1
"J860","西7地点遺跡","Hiroshima","Chugoku","Kofun",0,1,0,0,0,0,0,0,1,0,0,0,0
"J181","助平3号遺跡","Hiroshima","Chugoku","Kofun",1,1,0,0,0,0,0,0,1,0,0,1,1
"J432","常納原遺跡","Hiroshima","Chugoku","Kofun",0,1,0,0,0,0,0,1,1,0,0,0,0
"J758","石井城ノ内遺跡","Tokushima","Shikoku","Kofun",0,0,0,0,0,0,0,0,0,0,0,0,0
"J293","多々羅遺跡","Ehime","Shikoku","Kofun",0,0,0,0,0,0,0,0,0,0,0,0,0
"J224","古照遺跡","Ehime","Shikoku","Kofun",1,0,0,0,0,1,0,0,0,1,1,1,0
"J566","来住廃寺遺跡","Ehime","Shikoku","Kofun",1,0,0,0,0,0,0,0,0,0,0,0,0
"J619","樽味四反地遺跡","Ehime","Shikoku","Kofun",0,1,0,0,0,0,0,0,1,0,0,0,0
"J861","西ノ谷遺跡","Kochi","Shikoku","Kofun",1,0,0,0,0,0,0,0,0,0,1,0,0
"J697","牛頸梅頭・本堂遺跡","Fukuoka","Kyushu","Kofun",0,0,0,0,0,0,0,0,0,0,0,0,0
"J385","尾崎遺跡","Fukuoka","Kyushu","Kofun",1,0,0,0,0,0,0,0,0,1,0,0,1
"J526","日焼遺跡","Fukuoka","Kyushu","Kofun",1,0,0,0,0,0,0,0,0,1,0,0,0
"J632","比恵台地遺跡","Fukuoka","Kyushu","Kofun",1,0,0,0,0,0,0,0,0,1,0,0,0
"J463","広ミ遺跡","Fukuoka","Kyushu","Kofun",1,0,0,0,0,0,0,0,0,1,0,0,1
"J58","下月隈C遺跡","Fukuoka","Kyushu","Kofun",1,1,0,0,1,0,0,0,1,1,1,1,0
"J612","樋井川B遺跡群","Fukuoka","Kyushu","Kofun",1,0,0,0,0,0,0,0,0,1,0,0,0
"J200","千里遺跡","Fukuoka","Kyushu","Kofun",0,1,0,0,0,0,0,0,1,0,0,0,0
"J108","久保園遺跡","Fukuoka","Kyushu","Kofun",1,0,0,0,0,0,0,0,0,0,1,0,0
"J156","元岡・桑原遺跡群","Fukuoka","Kyushu","Kofun",0,0,0,0,0,0,0,0,0,0,0,0,0
"J887","西蒲池池淵遺跡","Fukuoka","Kyushu","Kofun",1,0,0,0,0,0,0,0,0,0,0,0,0
"J642","汐入遺跡","Saga","Kyushu","Kofun",1,1,0,0,1,0,0,0,1,0,0,0,0
"J834","菜畑内田遺跡","Saga","Kyushu","Kofun",0,1,0,0,0,0,0,0,1,0,0,0,0
"J76","中原遺跡","Saga","Kyushu","Kofun",0,1,0,0,0,0,0,0,1,0,0,0,0
"J588","柳町遺跡","Kumamoto","Kyushu","Kofun",0,1,0,0,0,0,0,0,1,0,0,0,0
"J662","河陽F遺跡","Kumamoto","Kyushu","Kofun",0,1,0,0,0,0,0,1,0,0,0,0,0
"J590","柳町遺跡Ⅱ","Kumamoto","Kyushu","Kofun",0,0,0,0,0,0,0,0,0,0,0,0,0
"J640","求来里平島遺跡","Oita","Kyushu","Kofun",0,1,0,0,0,0,0,0,1,0,0,0,0
"J583","板平遺跡","Miyazaki","Kyushu","Kofun",1,1,0,0,0,0,0,0,1,1,0,0,0
"J544","木戸平第2遺跡","Miyazaki","Kyushu","Kofun",0,0,0,0,0,0,0,0,0,0,0,0,0
"J456","平峰遺跡","Miyazaki","Kyushu","Kofun",1,0,0,0,0,0,0,0,0,1,0,0,1
"J957","長田遺跡","Kagoshima","Kyushu","Kofun",0,1,0,0,0,0,0,1,1,0,0,0,0
"J636","水天向遺跡","Kagoshima","Kyushu","Kofun",0,0,0,0,0,0,0,0,0,0,0,0,0
"J241","向山遺跡","Aomori","Tohoku","Kodai",0,1,0,0,0,0,0,0,1,0,0,0,0
"J101","中野平遺跡","Aomori","Tohoku","Kodai",0,1,0,0,0,0,0,1,1,0,0,0,0
"J286","堀切沢遺跡","Aomori","Tohoku","Kodai",0,1,0,0,0,0,0,1,0,0,0,0,0
"J389","山元遺跡","Aomori","Tohoku","Kodai",0,1,0,0,0,0,0,1,1,0,0,0,0
"J368","小奥戸遺跡","Aomori","Tohoku","Kodai",0,0,0,0,0,0,0,0,0,0,0,0,0
"J292","外馬屋前田遺跡","Aomori","Tohoku","Kodai",1,1,0,0,0,0,0,1,1,0,1,1,0
"J995","高屋敷館遺跡","Aomori","Tohoku","Kodai",1,1,0,0,0,0,0,1,1,1,0,0,0
"J968","隠川遺跡","Aomori","Tohoku","Kodai",1,1,0,0,0,0,0,1,1,0,0,1,1
"J928","野尻遺跡","Aomori","Tohoku","Kodai",0,0,0,0,0,0,0,0,0,0,0,0,0
"J767","砂子遺跡","Aomori","Tohoku","Kodai",1,1,0,0,0,0,0,1,1,0,0,1,0
"J339","安田遺跡","Aomori","Tohoku","Kodai",1,0,0,0,0,0,0,0,0,1,1,1,0
"J538","朝日山遺跡","Aomori","Tohoku","Kodai",0,1,0,0,0,0,0,1,1,0,0,0,0
"J929","野木遺跡","Aomori","Tohoku","Kodai",1,1,0,0,0,0,0,1,1,0,0,1,0
"J244","向田遺跡","Aomori","Tohoku","Kodai",1,1,0,0,0,0,0,1,1,0,1,0,0
"J916","近野遺跡","Aomori","Tohoku","Kodai",1,1,0,0,0,0,0,1,1,0,1,1,0
"J154","倉越遺跡","Aomori","Tohoku","Kodai",0,1,0,0,0,0,0,1,1,0,0,0,0
"J319","大池館遺跡","Aomori","Tohoku","Kodai",0,1,0,0,0,0,0,1,1,0,0,0,0
"J693","潟野遺跡","Aomori","Tohoku","Kodai",0,1,0,0,0,0,0,1,1,0,0,0,0
"J584","林ノ前遺跡","Aomori","Tohoku","Kodai",1,1,0,0,0,0,0,1,1,1,0,0,0
"J19","三内遺跡","Aomori","Tohoku","Kodai",1,1,0,0,1,0,0,1,1,0,1,1,1
"J904","赤平遺跡","Aomori","Tohoku","Kodai",1,1,0,0,0,0,0,1,1,1,1,0,1
"J10","ふくべ（3）遺跡","Aomori","Tohoku","Kodai",0,1,0,0,0,0,0,1,1,0,0,0,0
"J11","ふくべ（4）遺跡","Aomori","Tohoku","Kodai",0,0,0,0,0,0,0,0,0,0,0,0,0
"J523","新田遺跡","Aomori","Tohoku","Kodai",0,1,0,0,0,0,0,1,1,0,0,0,0
"J352","宮田館遺跡","Aomori","Tohoku","Kodai",0,1,0,0,0,0,0,1,1,0,0,0,0
"J84","中平遺跡","Aomori","Tohoku","Kodai",1,1,0,0,0,0,0,1,1,0,1,1,0
"J176","前川遺跡","Aomori","Tohoku","Kodai",1,1,0,0,0,0,0,1,1,0,1,0,0
"J600","根古橋遺跡","Aomori","Tohoku","Kodai",0,1,0,0,0,0,0,1,1,0,0,0,0
"J42","上野遺跡","Aomori","Tohoku","Kodai",1,1,0,0,0,0,0,1,1,0,0,1,0
"J785","稲元遺跡","Aomori","Tohoku","Kodai",1,1,0,0,0,0,0,1,1,0,1,1,0
"J505","扇田遺跡","Aomori","Tohoku","Kodai",0,1,0,0,0,0,0,1,1,0,0,0,0
"J273","坂元遺跡","Aomori","Tohoku","Kodai",1,1,0,0,0,0,0,0,1,0,1,0,0
"J341","実取遺跡","Aomori","Tohoku","Kodai",1,1,0,0,0,0,0,0,1,0,1,1,0
"J175","切田前谷地遺跡","Aomori","Tohoku","Kodai",0,1,0,0,0,0,0,1,0,0,0,0,0
"J536","有戸鳥井平遺跡","Aomori","Tohoku","Kodai",0,1,0,0,0,0,0,1,1,0,0,0,0
"J715","田向冷水遺跡","Aomori","Tohoku","Kodai",1,0,0,0,0,0,0,0,0,0,1,0,0
"J531","早稲田遺跡","Aomori","Tohoku","Kodai",0,1,0,0,0,0,0,1,1,0,0,0,0
"J556","李平下安原遺跡","Aomori","Tohoku","Kodai",1,1,0,0,0,0,0,0,1,0,1,1,0
"J194","十三盛遺跡","Aomori","Tohoku","Kodai",1,1,0,0,0,0,0,1,1,0,1,1,1
"J903","赤坂遺跡Ⅱ","Aomori","Tohoku","Kodai",0,1,0,0,0,0,0,1,1,0,0,0,0
"J195","十三盛遺跡Ⅱ","Aomori","Tohoku","Kodai",0,1,0,0,0,0,0,1,1,0,0,0,0
"J762","石江遺跡群","Aomori","Tohoku","Kodai",1,1,0,0,0,0,0,1,1,1,1,1,0
"J259","四反田Ⅰ遺跡","Iwate","Tohoku","Kodai",0,1,0,0,0,0,0,0,1,0,0,0,0
"J900","赤前Ⅳ遺跡","Iwate","Tohoku","Kodai",0,1,0,0,0,0,0,0,1,0,0,0,0
"J899","赤前Ⅳ八枚田遺跡","Iwate","Tohoku","Kodai",0,1,0,0,0,0,0,0,1,0,0,0,0
"J901","赤前Ⅴ柳沢遺跡","Iwate","Tohoku","Kodai",1,0,0,0,0,0,0,0,0,0,1,0,0
"J668","泉屋遺跡","Iwate","Tohoku","Kodai",1,1,0,0,0,0,0,0,1,0,1,1,0
"J29","上台遺跡","Iwate","Tohoku","Kodai",0,0,0,0,0,0,0,0,0,0,0,0,0
"J43","上野遺跡","Iwate","Tohoku","Kodai",1,1,0,0,0,0,0,1,1,1,0,0,0
"J323","大西遺跡","Iwate","Tohoku","Kodai",1,0,0,0,0,0,0,0,0,0,0,1,0
"J839","落合Ⅱ遺跡","Iwate","Tohoku","Kodai",1,1,0,0,0,0,0,0,1,1,1,1,0
"J969","隠里Ⅲ遺跡","Iwate","Tohoku","Kodai",1,1,0,0,0,0,0,1,1,0,0,1,1
"J970","隠里Ⅷ遺跡","Iwate","Tohoku","Kodai",1,1,0,0,0,0,0,1,1,1,1,1,1
"J938","金浜Ⅱ遺跡","Iwate","Tohoku","Kodai",0,1,0,0,0,0,0,0,1,0,0,0,0
"J542","木戸井内Ⅳ遺跡","Iwate","Tohoku","Kodai",1,1,0,0,0,0,0,1,1,1,0,0,0
"J745","皀角子久保Ⅵ遺跡","Iwate","Tohoku","Kodai",0,1,0,0,0,0,0,0,1,0,0,0,0
"J476","御所野遺跡","Iwate","Tohoku","Kodai",1,1,0,0,0,0,0,1,1,1,1,1,0
"J367","小堀内Ⅲ遺跡","Iwate","Tohoku","Kodai",0,1,0,0,0,0,0,0,1,0,0,0,0
"J992","駒焼場遺跡","Iwate","Tohoku","Kodai",0,0,0,0,0,0,0,0,0,0,0,0,0
"J859","衣の関道遺跡","Iwate","Tohoku","Kodai",0,1,0,0,0,0,0,1,1,0,0,0,0
"J493","志羅山遺跡","Iwate","Tohoku","Kodai",0,0,0,0,0,0,0,0,0,0,0,0,0
"J199","千足南遺跡","Iwate","Tohoku","Kodai",0,1,0,0,0,0,0,1,0,0,0,0,0
"J773","礎鶏館山遺跡","Iwate","Tohoku","Kodai",1,1,0,0,0,1,0,0,1,1,1,0,0
"J790","立花南遺跡","Iwate","Tohoku","Kodai",0,0,0,0,0,0,0,0,0,0,0,0,0
"J83","中嶋遺跡","Iwate","Tohoku","Kodai",0,1,0,0,0,0,0,1,0,0,0,0,0
"J86","中村城跡","Iwate","Tohoku","Kodai",1,0,0,0,0,0,0,0,0,0,1,0,1
"J148","似内遺跡","Iwate","Tohoku","Kodai",1,0,0,0,0,0,0,0,0,0,1,0,1
"J932","野里上遺跡","Iwate","Tohoku","Kodai",1,1,0,0,0,0,0,1,0,0,1,0,0
"J801","細谷地遺跡","Iwate","Tohoku","Kodai",1,1,0,0,0,0,0,1,1,0,0,1,0
"J547","本宮熊堂B遺跡","Iwate","Tohoku","Kodai",0,1,0,0,0,0,0,0,1,0,0,0,0
"J580","松山大地田沢遺跡","Iwate","Tohoku","Kodai",1,1,0,0,0,0,0,1,1,1,1,0,1
"J579","松山前遺跡","Iwate","Tohoku","Kodai",0,1,0,0,0,0,0,0,1,0,0,0,0
"J209","南日詰小路口Ⅰ遺跡","Iwate","Tohoku","Kodai",1,0,0,0,0,0,0,0,0,0,1,0,0
"J208","南日詰小路口Ⅱ遺跡","Iwate","Tohoku","Kodai",1,0,0,0,0,0,0,0,0,0,1,1,0
"J239","向中野館遺跡","Iwate","Tohoku","Kodai",1,1,0,0,0,0,0,0,1,0,1,0,0
"J988","飯岡沢田遺跡","Iwate","Tohoku","Kodai",0,1,0,0,0,0,0,0,1,0,0,0,0
"J169","八木沢Ⅱ遺跡","Iwate","Tohoku","Kodai",0,0,0,0,0,0,0,0,0,0,0,0,0
"J585","柳之御所遺跡","Iwate","Tohoku","Kodai",0,1,0,0,0,0,0,0,1,0,0,0,0
"J266","国分遺跡","Iwate","Tohoku","Kodai",1,1,0,0,0,0,0,0,1,1,0,0,0
"J164","八反町遺跡","Iwate","Tohoku","Kodai",1,1,0,0,0,1,0,1,1,0,1,0,0
"J471","彼岸田遺跡","Iwate","Tohoku","Kodai",0,1,0,0,0,0,0,1,1,0,0,0,0
"J581","松山館跡","Iwate","Tohoku","Kodai",0,1,0,0,0,0,0,1,0,0,0,0,0
"J655","沢田遺跡","Iwate","Tohoku","Kodai",1,0,0,0,0,0,0,0,0,0,1,0,0
"J147","伯済寺遺跡","Iwate","Tohoku","Kodai",0,0,0,0,0,0,0,0,0,0,0,0,0
"J149","伽羅之御所跡","Iwate","Tohoku","Kodai",0,1,0,0,0,0,0,0,1,0,0,0,0
"J289","堰向Ⅱ遺跡","Iwate","Tohoku","Kodai",0,1,0,0,0,0,0,1,1,0,0,0,0
"J879","西川目遺跡","Iwate","Tohoku","Kodai",0,0,0,0,0,0,0,0,0,0,0,0,0
"J395","山王遺跡","Miyagi","Tohoku","Kodai",1,1,0,0,0,1,0,1,1,1,1,1,1
"J421","市川橋遺跡","Miyagi","Tohoku","Kodai",1,1,0,0,0,0,0,0,1,0,0,0,1
"J521","新山崎遺跡","Miyagi","Tohoku","Kodai",0,0,0,0,0,0,0,0,0,0,0,0,0
"J390","山口遺跡","Miyagi","Tohoku","Kodai",0,0,0,0,0,0,0,0,0,0,0,0,0
"J173","六反田遺跡","Miyagi","Tohoku","Kodai",0,1,0,0,0,0,0,0,1,0,0,0,0
"J666","沼向遺跡","Miyagi","Tohoku","Kodai",1,1,0,0,0,0,0,1,1,1,1,0,1
"J811","脇本埋没家屋","Akita","Tohoku","Kodai",1,0,0,0,0,0,0,0,0,0,1,1,0
"J507","払田柵跡","Akita","Tohoku","Kodai",1,0,0,0,0,0,0,0,0,1,0,1,0
"J9","はりま館遺跡","Akita","Tohoku","Kodai",0,0,0,0,0,0,0,0,0,0,0,0,0
"J96","中谷地遺跡","Akita","Tohoku","Kodai",1,1,0,0,0,0,0,0,1,0,1,0,0
"J895","諏訪遺跡","Akita","Tohoku","Kodai",0,1,0,0,0,0,0,0,1,0,0,0,0
"J615","横山遺跡","Akita","Tohoku","Kodai",1,1,0,0,0,0,0,0,1,0,0,1,1
"J324","大見内遺跡","Akita","Tohoku","Kodai",1,0,0,0,0,0,0,0,0,1,1,1,0
"J270","地蔵岱遺跡","Akita","Tohoku","Kodai",1,1,0,0,0,1,0,0,1,0,1,1,0
"J271","坂下Ⅱ遺跡","Akita","Tohoku","Kodai",1,1,0,0,0,0,0,0,1,0,0,1,0
"J918","道伝遺跡","Yamagata","Tohoku","Kodai",0,1,0,0,0,0,0,0,1,0,0,0,0
"J708","生石2遺跡","Yamagata","Tohoku","Kodai",1,0,0,0,0,0,0,0,0,0,0,1,0
"J709","生石3遺跡","Yamagata","Tohoku","Kodai",1,0,0,0,0,0,0,0,0,0,0,0,0
"J710","生石4遺跡","Yamagata","Tohoku","Kodai",1,0,0,0,0,0,0,0,0,0,1,0,0
"J711","生石5遺跡","Yamagata","Tohoku","Kodai",0,0,0,0,0,0,0,0,0,0,0,0,0
"J228","史跡城輪柵跡","Yamagata","Tohoku","Kodai",1,1,0,0,0,0,0,0,1,0,1,0,1
"J344","宮ノ下遺跡","Yamagata","Tohoku","Kodai",1,0,0,0,0,0,0,0,0,0,1,1,1
"J242","向河原遺跡","Yamagata","Tohoku","Kodai",0,1,0,0,0,0,0,1,0,0,0,0,0
"J754","矢馳A遺跡","Yamagata","Tohoku","Kodai",1,1,0,0,0,0,0,0,1,0,1,0,0
"J934","金山遺跡","Fukushima","Tohoku","Kodai",1,1,0,0,0,0,0,0,1,0,1,0,0
"J407","岸遺跡","Fukushima","Tohoku","Kodai",0,0,0,0,0,0,0,0,0,0,0,0,0
"J503","戸田条里遺跡","Fukushima","Tohoku","Kodai",0,1,0,0,0,0,0,0,1,0,0,0,0
"J728","登館跡","Fukushima","Tohoku","Kodai",1,0,0,0,0,0,0,0,0,1,0,0,0
"J509","折返B遺跡","Fukushima","Tohoku","Kodai",1,0,0,0,0,0,0,0,0,1,0,0,0
"J1015","鹿島腰遺跡","Fukushima","Tohoku","Kodai",0,1,0,0,0,0,0,1,1,0,0,0,0
"J211","南諏訪原遺跡","Fukushima","Tohoku","Kodai",1,0,0,0,0,0,0,0,0,0,1,1,0
"J353","宮畑遺跡（岡島）","Fukushima","Tohoku","Kodai",0,0,0,0,0,0,0,0,0,0,0,0,0
"J669","泉廃寺跡","Fukushima","Tohoku","Kodai",0,1,0,0,0,0,0,0,1,0,0,0,0
"J474","御山千軒遺跡","Fukushima","Tohoku","Kodai",1,0,0,0,0,0,0,0,0,1,1,1,0
"J321","大猿田遺跡","Fukushima","Tohoku","Kodai",1,0,0,0,0,0,0,0,0,1,1,0,1
"J179","割田H遺跡","Fukushima","Tohoku","Kodai",1,0,0,0,1,0,0,0,0,1,0,0,0
"J905","赤柴遺跡","Fukushima","Tohoku","Kodai",1,0,0,0,0,0,0,0,0,0,1,1,0
"J725","番城内遺跡","Ibaraki","Kanto","Kodai",1,0,0,0,0,0,0,0,0,1,0,0,0
"J737","白石遺跡","Ibaraki","Kanto","Kodai",0,0,0,0,0,0,0,0,0,0,0,0,0
"J44","下り松遺跡","Ibaraki","Kanto","Kodai",0,1,0,0,0,0,0,0,1,0,0,0,0
"J626","武田遺跡群","Ibaraki","Kanto","Kodai",0,1,0,0,0,0,0,1,1,0,0,0,0
"J2","（武田）西塙遺跡","Ibaraki","Kanto","Kodai",1,0,0,0,0,0,0,0,0,1,0,0,0
"J896","諏訪遺跡","Ibaraki","Kanto","Kodai",0,0,0,0,0,0,0,0,0,0,0,0,0
"J624","武田西塙遺跡","Ibaraki","Kanto","Kodai",1,1,0,0,0,0,0,1,1,1,0,0,0
"J576","東薬師堂４号遺跡","Tochigi","Kanto","Kodai",0,0,0,0,0,0,0,0,0,0,0,0,0
"J73","下野国府跡寄居地区遺跡","Tochigi","Kanto","Kodai",0,0,0,0,0,0,0,0,0,0,0,0,0
"J294","多功南原遺跡","Tochigi","Kanto","Kodai",1,0,0,0,0,0,0,0,0,0,0,0,1
"J958","長者ヶ平","Tochigi","Kanto","Kodai",0,1,0,0,0,0,0,1,1,0,0,0,0
"J768","砂田遺跡","Tochigi","Kanto","Kodai",1,1,0,0,0,0,0,0,1,1,1,0,1
"J607","森後遺跡","Tochigi","Kanto","Kodai",1,1,0,0,0,0,0,0,1,0,0,0,1
"J354","寂光沢窯跡","Tochigi","Kanto","Kodai",0,1,0,0,0,0,0,0,1,0,0,0,0
"J871","西刑部西原遺跡","Tochigi","Kanto","Kodai",1,1,0,0,0,0,0,0,1,1,0,0,0
"J751","矢島三ツ俣遺跡","Gunma","Kanto","Kodai",0,0,0,0,0,0,0,0,0,0,0,0,0
"J528","日高遺跡","Gunma","Kanto","Kodai",1,0,0,0,0,0,0,0,0,0,1,0,0
"J158","元総社寺田遺跡Ⅲ","Gunma","Kanto","Kodai",1,1,0,0,0,0,0,0,1,1,1,0,0
"J734","白倉下原・天引向原遺跡Ⅴ","Gunma","Kanto","Kodai",1,1,0,0,0,0,0,0,1,1,1,0,0
"J64","下植木壱町田遺跡","Gunma","Kanto","Kodai",0,1,0,0,0,0,0,0,1,0,0,0,0
"J99","中里見中川遺跡","Gunma","Kanto","Kodai",1,1,0,0,0,0,0,0,1,1,1,1,1
"J962","長野原一本松遺跡","Gunma","Kanto","Kodai",1,0,0,0,0,0,0,0,0,1,0,0,0
"J764","石墨遺跡","Gunma","Kanto","Kodai",1,1,0,0,0,0,0,1,1,0,1,1,1
"J671","波志江中屋敷東遺跡","Gunma","Kanto","Kodai",1,0,0,0,0,0,0,0,0,1,0,0,0
"J481","徳丸仲田遺跡","Gunma","Kanto","Kodai",1,0,0,0,0,0,0,0,0,0,1,0,0
"J571","東峰須川雷電遺跡","Gunma","Kanto","Kodai",0,1,0,0,0,0,0,1,1,0,0,0,0
"J645","江木下大日遺跡","Gunma","Kanto","Kodai",0,1,0,0,0,0,0,0,1,0,0,0,0
"J838","萱野Ⅱ遺跡","Gunma","Kanto","Kodai",0,1,0,0,0,0,0,1,1,0,0,0,0
"J567","東今泉鹿島遺跡","Gunma","Kanto","Kodai",1,1,0,0,0,0,0,1,1,0,1,0,0
"J964","阿久津遺跡","Gunma","Kanto","Kodai",0,1,0,0,0,0,0,0,1,0,0,0,0
"J196","十二廻り遺跡","Gunma","Kanto","Kodai",0,1,0,0,0,0,0,0,1,0,0,0,0
"J17","万蔵寺廻り遺跡","Gunma","Kanto","Kodai",0,1,0,0,0,0,0,1,1,0,0,0,0
"J80","中屋敷・中村田遺跡","Gunma","Kanto","Kodai",0,0,0,0,0,0,0,0,0,0,0,0,0
"J3","F2緑埜地区遺跡群Ⅰ","Gunma","Kanto","Kodai",0,1,0,0,0,0,0,0,1,0,0,0,0
"J37","上泉武田遺跡","Gunma","Kanto","Kodai",0,1,0,0,0,0,0,1,1,0,0,0,0
"J965","阿弥大寺本郷遺跡","Gunma","Kanto","Kodai",1,0,0,0,0,0,0,0,0,0,0,0,1
"J355","富士井戸ⅡC遺跡","Gunma","Kanto","Kodai",0,1,0,0,0,0,0,1,0,0,0,0,0
"J97","中道遺跡（第41地点）","Saitama","Kanto","Kodai",0,1,0,0,0,0,0,1,1,0,0,0,0
"J941","釣上高岡南遺跡","Saitama","Kanto","Kodai",0,1,0,0,0,0,0,1,1,0,0,0,0
"J599","根切遺跡","Saitama","Kanto","Kodai",0,0,0,0,0,0,0,0,0,0,0,0,0
"J177","前田字六反畑第一遺跡","Saitama","Kanto","Kodai",0,1,0,0,0,0,0,0,1,0,0,0,0
"J427","常代遺跡群","Chiba","Kanto","Kodai",0,0,0,0,0,0,0,0,0,0,0,0,0
"J927","郡遺跡群","Chiba","Kanto","Kodai",0,1,0,0,0,0,0,0,1,0,0,0,0
"J873","西原遺跡","Chiba","Kanto","Kodai",1,0,0,0,0,0,0,0,0,1,1,1,0
"J680","浜野川神門遺跡","Chiba","Kanto","Kodai",1,0,0,0,0,0,0,0,0,1,1,0,0
"J5","うならすず遺跡","Chiba","Kanto","Kodai",0,1,0,0,0,0,0,0,1,0,0,0,0
"J213","印内台遺跡群","Chiba","Kanto","Kodai",0,1,0,0,0,0,0,1,1,0,0,0,0
"J381","小野遺跡","Chiba","Kanto","Kodai",0,1,0,0,0,0,0,0,1,0,0,0,0
"J183","北下遺跡","Chiba","Kanto","Kodai",1,1,0,0,0,0,0,0,1,0,1,0,0
"J309","大宮越遺跡","Chiba","Kanto","Kodai",0,1,0,0,0,0,0,0,1,0,0,0,0
"J813","船田遺跡","Tokyo","Kanto","Kodai",1,1,0,0,0,0,0,1,1,1,1,1,0
"J296","多摩ニュータウンNo.446","Tokyo","Kanto","Kodai",0,1,0,0,0,0,0,0,1,0,0,0,0
"J629","武蔵国府関連遺跡","Tokyo","Kanto","Kodai",1,1,0,0,0,0,0,0,1,1,1,0,0
"J393","山王上遺跡","Tokyo","Kanto","Kodai",1,1,0,0,0,0,0,1,1,1,1,1,0
"J818","若宮八幡神社遺跡Ⅱ","Tokyo","Kanto","Kodai",1,0,0,0,0,0,0,0,0,0,1,0,0
"J145","伊興遺跡Ⅱ","Tokyo","Kanto","Kodai",1,0,0,0,0,0,0,0,0,0,1,0,0
"J530","早瀬前遺跡","Tokyo","Kanto","Kodai",1,1,0,0,0,0,0,0,1,0,1,0,1
"J592","柴又帝釈天遺跡","Tokyo","Kanto","Kodai",0,0,0,0,0,0,0,0,0,0,0,0,0
"J98","中里峡遺跡","Tokyo","Kanto","Kodai",0,1,0,0,0,0,0,0,1,0,0,0,0
"J197","十条久保遺跡","Tokyo","Kanto","Kodai",0,0,0,0,0,0,0,0,0,0,0,0,0
"J100","中里遺跡2","Tokyo","Kanto","Kodai",0,0,0,0,0,0,0,0,0,0,0,0,0
"J840","落合遺跡Ⅲ","Tokyo","Kanto","Kodai",0,1,0,0,0,0,0,1,1,0,0,0,0
"J712","田中・寺前遺跡","Tokyo","Kanto","Kodai",1,1,0,0,0,0,0,0,1,1,0,0,0
"J376","小足立前原東遺跡","Tokyo","Kanto","Kodai",0,1,0,0,0,0,0,0,1,0,0,0,0
"J53","下大和田遺跡Ⅱ","Tokyo","Kanto","Kodai",0,1,0,0,0,0,0,0,1,0,0,0,0
"J843","落川遺跡Ⅲ","Tokyo","Kanto","Kodai",1,1,0,0,0,0,0,0,1,1,1,1,0
"J842","落川・一の宮遺跡","Tokyo","Kanto","Kodai",1,1,0,0,0,0,0,0,1,1,0,0,0
"J573","東池袋Ⅱ","Tokyo","Kanto","Kodai",0,0,0,0,0,0,0,0,0,0,0,0,0
"J498","愛宕下遺跡","Tokyo","Kanto","Kodai",0,0,0,0,0,0,0,0,0,0,0,0,0
"J91","中田遺跡","Tokyo","Kanto","Kodai",1,0,0,0,0,0,0,0,0,1,0,0,0
"J628","武蔵国分寺南西地区","Tokyo","Kanto","Kodai",0,1,0,0,0,0,0,0,1,0,0,0,0
"J372","小日向台町遺跡","Tokyo","Kanto","Kodai",0,1,0,0,0,0,0,0,1,0,0,0,0
"J749","真砂町遺跡第Ⅴ地点","Tokyo","Kanto","Kodai",0,1,0,0,0,0,0,0,1,0,0,0,0
"J146","伝通院裏貝塚","Tokyo","Kanto","Kodai",0,1,0,0,0,0,0,1,1,0,0,0,0
"J545","木曽森野遺跡Ⅲ","Tokyo","Kanto","Kodai",0,1,0,0,0,0,0,0,1,0,0,0,0
"J795","筑前秋月藩黒田家屋敷跡遺跡","Tokyo","Kanto","Kodai",0,0,0,0,0,0,0,0,0,0,0,0,0
"J489","志村城山遺跡","Tokyo","Kanto","Kodai",1,1,0,0,0,0,0,1,1,0,1,0,0
"J477","御殿前遺跡","Tokyo","Kanto","Kodai",1,1,0,0,0,0,0,1,1,0,1,0,0
"J141","伊勢原上粕屋団地内","Kanagawa","Kanto","Kodai",0,0,0,0,0,0,0,0,0,0,0,0,0
"J825","草山遺跡","Kanagawa","Kanto","Kodai",1,1,0,0,0,0,0,1,1,1,1,0,1
"J343","宮ヶ瀬遺跡群","Kanagawa","Kanto","Kodai",0,0,0,0,0,0,0,0,0,0,0,0,0
"J648","池子遺跡群","Kanagawa","Kanto","Kodai",0,0,0,0,0,0,0,0,0,0,0,0,0
"J776","神明久保遺跡","Kanagawa","Kanto","Kodai",0,0,0,0,0,0,0,0,0,0,0,0,0
"J646","池子遺跡","Kanagawa","Kanto","Kodai",1,0,0,0,0,0,0,0,0,1,0,0,0
"J660","河村城跡","Kanagawa","Kanto","Kodai",0,1,0,0,0,0,0,1,1,0,0,0,0
"J306","大塚戸遺跡","Kanagawa","Kanto","Kodai",0,0,0,0,0,0,0,0,0,0,0,0,0
"J8","なたぎり遺跡","Kanagawa","Kanto","Kodai",0,0,0,0,0,0,0,0,0,0,0,0,0
"J911","跡堀遺跡","Kanagawa","Kanto","Kodai",0,1,0,0,0,0,0,0,1,0,0,0,0
"J876","西富岡向畑遺跡","Kanagawa","Kanto","Kodai",1,1,0,0,0,0,0,1,1,0,1,0,0
"J822","苦久保遺跡","Kanagawa","Kanto","Kodai",1,1,0,0,1,0,0,1,1,0,0,0,1
"J363","小倉原西遺跡","Kanagawa","Kanto","Kodai",1,1,0,0,0,0,0,1,0,1,0,0,0
"J959","長表遺跡","Niigata","Chubu","Kodai",1,0,0,0,0,0,0,0,0,0,1,1,1
"J466","庄川遺跡","Niigata","Chubu","Kodai",0,0,0,0,0,0,0,0,0,0,0,0,0
"J802","結七島遺跡","Niigata","Chubu","Kodai",0,0,0,0,0,0,0,0,0,0,0,0,0
"J993","駒首潟遺跡","Niigata","Chubu","Kodai",1,1,0,0,0,0,0,1,1,1,0,0,0
"J38","上浦A遺跡","Niigata","Chubu","Kodai",1,0,0,0,0,0,0,0,0,0,1,1,0
"J236","吉田遺跡","Niigata","Chubu","Kodai",0,0,0,0,0,0,0,0,0,0,0,0,0
"J935","金曲遺跡","Niigata","Chubu","Kodai",1,1,0,0,0,0,0,0,1,0,0,1,1
"J771","磐舟","Niigata","Chubu","Kodai",1,0,0,0,0,0,0,0,0,0,1,1,0
"J351","宮平遺跡","Niigata","Chubu","Kodai",1,1,0,0,0,0,0,1,1,0,1,0,1
"J761","石川遺跡","Niigata","Chubu","Kodai",1,1,0,0,0,0,0,0,1,0,0,1,0
"J696","牛道遺跡","Niigata","Chubu","Kodai",1,1,0,0,0,0,0,0,1,1,1,1,1
"J889","西部遺跡","Niigata","Chubu","Kodai",1,1,0,0,0,0,0,1,1,0,1,0,0
"J520","新保遺跡","Niigata","Chubu","Kodai",1,1,0,0,0,0,0,1,1,0,1,0,0
"J657","沢田遺跡","Niigata","Chubu","Kodai",1,1,0,0,1,0,0,1,1,1,1,1,1
"J890","西部遺跡Ⅲ","Niigata","Chubu","Kodai",1,0,0,0,0,0,0,0,0,0,1,0,0
"J891","西部遺跡Ⅴ","Niigata","Chubu","Kodai",0,0,0,0,0,0,0,0,0,0,0,0,0
"J388","屋敷割付遺跡","Niigata","Chubu","Kodai",0,1,0,0,0,0,0,1,1,0,0,0,0
"J287","堅木遺跡","Niigata","Chubu","Kodai",0,1,0,0,0,0,0,0,1,0,0,0,0
"J714","田伏山崎遺跡","Niigata","Chubu","Kodai",1,0,0,0,0,0,0,0,0,0,1,1,0
"J330","天狗寺遺跡","Niigata","Chubu","Kodai",0,1,0,0,0,0,0,1,0,0,0,0,0
"J223","古津八幡山遺跡","Niigata","Chubu","Kodai",0,0,0,0,0,0,0,0,0,0,0,0,0
"J572","東木津遺跡","Toyama","Chubu","Kodai",1,1,0,0,1,0,0,0,1,0,1,0,1
"J777","神明北遺跡","Toyama","Chubu","Kodai",0,0,0,0,0,0,0,0,0,0,0,0,0
"J473","御坊山遺跡","Toyama","Chubu","Kodai",0,0,0,0,0,0,0,0,0,0,0,0,0
"J35","上新保遺跡","Toyama","Chubu","Kodai",0,1,0,0,0,0,0,0,1,0,0,0,0
"J140","今市遺跡","Toyama","Chubu","Kodai",1,1,0,0,0,0,0,0,1,0,1,0,0
"J370","小島西遺跡","Ishikawa","Chubu","Kodai",1,0,0,0,0,0,0,0,0,1,0,0,1
"J85","中新保遺跡","Ishikawa","Chubu","Kodai",0,1,0,0,0,0,0,0,1,0,0,0,0
"J21","三室福浦B遺跡","Ishikawa","Chubu","Kodai",1,0,0,0,0,0,0,0,0,1,0,1,0
"J502","戸水C遺跡","Ishikawa","Chubu","Kodai",0,1,0,0,0,0,0,1,1,0,0,0,0
"J856","藤江C遺跡","Ishikawa","Chubu","Kodai",0,1,0,0,0,0,0,0,1,0,0,0,0
"J724","畝田ナベタ遺跡","Ishikawa","Chubu","Kodai",0,1,0,0,0,0,0,1,1,0,0,0,0
"J722","畝田B遺跡","Ishikawa","Chubu","Kodai",0,1,0,0,0,0,0,0,1,0,0,0,0
"J723","畝田C遺跡","Ishikawa","Chubu","Kodai",1,1,0,0,0,0,0,0,1,0,1,0,1
"J695","無量寺C遺跡","Ishikawa","Chubu","Kodai",1,1,0,0,0,0,0,0,1,0,0,0,1
"J301","大友西遺跡","Ishikawa","Chubu","Kodai",1,0,0,0,0,0,0,0,0,0,1,1,0
"J782","福増カワラケダ遺跡","Ishikawa","Chubu","Kodai",0,1,0,0,0,0,0,0,1,0,0,0,0
"J263","四柳白山下遺跡","Ishikawa","Chubu","Kodai",1,1,0,0,0,0,0,0,1,0,0,0,1
"J210","南西田遺跡","Yamanashi","Chubu","Kodai",0,1,0,0,0,0,0,0,1,0,0,0,0
"J328","大間々遺跡","Yamanashi","Chubu","Kodai",1,1,0,0,0,0,0,1,1,0,0,0,1
"J304","大坪遺跡","Yamanashi","Chubu","Kodai",1,1,0,0,0,0,0,0,1,1,1,0,1
"J392","山梨学院川田運動場遺跡群","Yamanashi","Chubu","Kodai",1,0,0,0,0,0,0,0,0,1,1,0,0
"J774","社口遺跡","Yamanashi","Chubu","Kodai",1,1,0,0,0,0,0,1,1,0,1,0,0
"J756","石之坪遺跡（東地区）","Yamanashi","Chubu","Kodai",1,1,0,0,1,0,0,1,1,0,1,0,0
"J930","野牛島・大塚遺跡","Yamanashi","Chubu","Kodai",0,1,0,0,0,0,0,0,1,0,0,0,0
"J760","石原田北遺跡","Yamanashi","Chubu","Kodai",0,1,0,0,0,0,0,1,1,0,0,0,0
"J562","村前東Ａ遺跡概報2","Yamanashi","Chubu","Kodai",1,1,0,0,0,0,0,1,1,0,1,0,0
"J88","中溝遺跡","Yamanashi","Chubu","Kodai",0,0,0,0,0,0,0,0,0,0,0,0,0
"J560","村前東Ａ遺跡Ⅰ区","Yamanashi","Chubu","Kodai",0,1,0,0,0,0,0,1,1,0,0,0,0
"J557","村前東Ａ遺跡Ⅱ区","Yamanashi","Chubu","Kodai",0,1,0,0,0,0,0,1,1,0,0,0,0
"J215","原平遺跡","Yamanashi","Chubu","Kodai",0,0,0,0,0,0,0,0,0,0,0,0,0
"J318","大林上遺跡Ⅱ区","Yamanashi","Chubu","Kodai",0,0,0,0,0,0,0,0,0,0,0,0,0
"J346","宮の前遺跡","Yamanashi","Chubu","Kodai",0,0,0,0,0,0,0,0,0,0,0,0,0
"J128","二本柳遺跡","Yamanashi","Chubu","Kodai",1,1,0,0,0,0,0,0,1,0,1,0,0
"J316","大木戸遺跡","Yamanashi","Chubu","Kodai",1,1,0,0,0,0,0,1,1,0,1,0,0
"J738","百々遺跡5","Yamanashi","Chubu","Kodai",0,0,0,0,0,0,0,0,0,0,0,0,0
"J361","寺部村附第9・中西第3遺跡","Yamanashi","Chubu","Kodai",0,1,0,0,0,0,0,1,1,0,0,0,0
"J458","平田宮第2遺跡","Yamanashi","Chubu","Kodai",0,1,0,0,0,0,0,1,1,0,0,0,0
"J910","足原田遺跡Ⅱ","Yamanashi","Chubu","Kodai",0,1,0,0,0,0,0,0,1,0,0,0,0
"J692","滝沢遺跡","Yamanashi","Chubu","Kodai",1,1,0,0,0,0,0,1,1,0,1,0,0
"J809","美通遺跡","Yamanashi","Chubu","Kodai",0,0,0,0,0,0,0,0,0,0,0,0,0
"J26","上コブ遺跡","Yamanashi","Chubu","Kodai",0,1,0,0,0,0,0,0,1,0,0,0,0
"J160","兄川河床遺跡","Yamanashi","Chubu","Kodai",0,1,0,0,0,0,0,1,1,0,0,0,0
"J68","下聖端遺跡","Nagano","Chubu","Kodai",0,1,0,0,0,0,0,0,1,0,0,0,0
"J682","深堀遺跡","Nagano","Chubu","Kodai",0,0,0,0,0,0,0,0,0,0,0,0,0
"J90","中田遺跡","Nagano","Chubu","Kodai",0,0,0,0,0,0,0,0,0,0,0,0,0
"J386","屋代遺跡群","Nagano","Chubu","Kodai",1,1,0,0,0,1,0,1,1,0,1,1,1
"J775","社宮司遺跡","Nagano","Chubu","Kodai",1,1,0,0,0,0,0,0,1,0,1,0,1
"J609","構井・阿弥陀堂遺跡","Nagano","Chubu","Kodai",0,1,0,0,0,0,0,0,1,0,0,0,0
"J863","西一本柳遺跡ⅩⅣ","Nagano","Chubu","Kodai",1,1,0,0,0,0,0,1,1,0,1,0,0
"J12","ヨシバタ遺跡","Nagano","Chubu","Kodai",1,1,0,0,0,0,0,1,1,0,0,1,0
"J191","北稲付遺跡","Nagano","Chubu","Kodai",0,0,0,0,0,0,0,0,0,0,0,0,0
"J684","深沼遺跡","Gifu","Chubu","Kodai",1,0,0,0,0,0,0,0,0,1,1,1,0
"J384","尾元遺跡","Gifu","Chubu","Kodai",1,0,0,0,0,0,0,0,0,0,0,1,0
"J594","柿田遺跡","Gifu","Chubu","Kodai",1,1,0,0,0,0,0,0,1,1,0,1,0
"J405","岩田東A遺跡","Gifu","Chubu","Kodai",0,1,0,0,0,0,0,1,1,0,0,0,0
"J967","阿曽田遺跡","Gifu","Chubu","Kodai",1,0,0,0,0,0,0,0,0,0,0,1,0
"J554","杉崎廃寺跡","Gifu","Chubu","Kodai",0,0,0,0,0,0,0,0,0,0,0,0,0
"J406","岳美遺跡","Shizuoka","Chubu","Kodai",0,1,0,0,0,0,0,0,1,0,0,0,0
"J31","上土遺跡","Shizuoka","Chubu","Kodai",0,0,0,0,0,0,0,0,0,0,0,0,0
"J606","梶子遺跡","Shizuoka","Chubu","Kodai",1,1,0,0,1,0,0,0,1,0,0,0,0
"J283","城山遺跡","Shizuoka","Chubu","Kodai",0,0,0,0,0,0,0,0,0,0,0,0,0
"J142","伊場遺跡","Shizuoka","Chubu","Kodai",1,0,0,0,0,0,0,0,0,0,1,0,0
"J411","川の前遺跡","Shizuoka","Chubu","Kodai",0,0,0,0,0,0,0,0,0,0,0,0,0
"J117","九反田遺跡","Shizuoka","Chubu","Kodai",0,0,0,0,0,0,0,0,0,0,0,0,0
"J329","天の川遺跡","Shizuoka","Chubu","Kodai",0,1,0,0,0,0,0,1,1,0,0,0,0
"J634","水入遺跡","Aichi","Chubu","Kodai",1,0,0,0,0,0,0,0,0,1,0,0,0
"J495","志賀公園遺跡","Aichi","Chubu","Kodai",0,0,0,0,0,0,0,0,0,0,0,0,0
"J884","西浦遺跡","Aichi","Chubu","Kodai",1,0,0,0,0,0,0,0,0,1,0,0,0
"J750","矢作川河床遺跡","Aichi","Chubu","Kodai",0,1,0,0,0,0,0,0,1,0,0,0,0
"J886","西肥留遺跡","Mie","Kansai","Kodai",0,1,0,0,0,0,0,1,0,0,0,0,0
"J161","入江内湖西野遺跡","Shiga","Kansai","Kodai",1,0,0,0,0,0,0,0,0,1,1,1,0
"J298","大中の湖南遺跡","Shiga","Kansai","Kodai",1,0,0,0,0,0,0,0,0,0,1,1,0
"J512","斗西遺跡","Shiga","Kansai","Kodai",1,0,0,0,0,0,0,0,0,0,1,0,0
"J1009","鴨遺跡","Shiga","Kansai","Kodai",1,1,0,0,0,0,0,1,0,1,1,1,1
"J345","宮の前遺跡","Shiga","Kansai","Kodai",0,0,0,0,0,0,0,0,0,0,0,0,0
"J996","高岸遺跡","Shiga","Kansai","Kodai",0,0,0,0,0,0,0,0,0,0,0,0,0
"J688","湯ノ部遺跡","Shiga","Kansai","Kodai",0,0,0,0,0,0,0,0,0,0,0,0,0
"J446","平安京右京二条二坊八町跡","Kyoto","Kansai","Kodai",0,1,0,0,0,0,0,0,1,0,0,0,0
"J455","平安京遺跡","Kyoto","Kansai","Kodai",1,0,0,0,0,0,0,0,0,1,1,0,0
"J230","史跡大覚寺御所跡","Kyoto","Kansai","Kodai",1,1,0,0,0,0,0,1,1,1,1,1,1
"J452","平安京東市外町","Kyoto","Kansai","Kodai",1,1,0,0,0,0,0,0,1,0,1,0,1
"J454","平安京跡","Kyoto","Kansai","Kodai",1,1,0,0,0,0,0,1,1,1,1,0,1
"J1006","鳥羽離宮跡","Kyoto","Kansai","Kodai",1,1,0,0,0,0,0,0,1,0,0,0,1
"J450","平安京左京八条三坊","Kyoto","Kansai","Kodai",1,0,0,0,0,0,0,0,0,0,1,0,0
"J442","平安京右京三条三坊","Kyoto","Kansai","Kodai",1,1,0,0,0,1,0,1,1,1,1,0,0
"J445","平安京右京三条二坊十五・十六町","Kyoto","Kansai","Kodai",1,0,0,0,0,0,0,0,0,0,1,0,0
"J441","平安京右京三条一坊三・六・七町跡","Kyoto","Kansai","Kodai",1,0,0,0,0,0,0,0,0,1,1,0,0
"J448","平安京右京六条二坊三町跡","Kyoto","Kansai","Kodai",1,0,0,0,0,0,0,0,0,0,1,0,0
"J451","平安京左京四条一坊十二・十三町跡","Kyoto","Kansai","Kodai",0,0,0,0,0,0,0,0,0,0,0,0,0
"J449","平安京右京六条二坊六・十一町跡","Kyoto","Kansai","Kodai",0,0,0,0,0,0,0,0,0,0,0,0,0
"J443","平安京右京三条三坊三町","Kyoto","Kansai","Kodai",0,0,0,0,0,0,0,0,0,0,0,0,0
"J431","常磐仲之町遺跡","Kyoto","Kansai","Kodai",0,0,0,0,0,0,0,0,0,0,0,0,0
"J430","常磐仲之町遺跡・広隆寺旧境内","Kyoto","Kansai","Kodai",0,0,0,0,0,0,0,0,0,0,0,0,0
"J953","長岡京跡左京第366次","Kyoto","Kansai","Kodai",0,0,0,0,0,0,0,0,0,0,0,0,0
"J951","長岡京跡左京","Kyoto","Kansai","Kodai",1,1,0,0,0,0,0,0,1,1,1,1,1
"J954","長岡宮","Kyoto","Kansai","Kodai",0,1,0,0,0,0,0,0,1,0,0,0,0
"J950","長岡京跡","Kyoto","Kansai","Kodai",1,0,0,0,1,0,0,0,0,1,0,1,0
"J948","長岡京左京","Kyoto","Kansai","Kodai",0,1,0,0,0,0,0,0,1,0,0,0,0
"J444","平安京右京三条三坊三町跡","Kyoto","Kansai","Kodai",1,0,0,0,0,0,0,0,0,0,1,0,0
"J453","平安京跡・御土居跡","Kyoto","Kansai","Kodai",0,1,0,0,0,0,0,0,1,0,0,0,0
"J120","亀井遺跡","Osaka","Kansai","Kodai",1,0,0,0,0,0,0,0,0,1,0,1,1
"J151","佐堂遺跡","Osaka","Kansai","Kodai",1,0,0,0,0,0,0,0,0,1,0,0,0
"J279","城山遺跡","Osaka","Kansai","Kodai",0,0,0,0,0,0,0,0,0,0,0,0,0
"J332","太井遺跡","Osaka","Kansai","Kodai",0,1,0,0,0,0,0,0,1,0,0,0,0
"J638","水込遺跡","Osaka","Kansai","Kodai",1,1,0,0,0,0,0,0,1,1,1,0,0
"J382","小阪合遺跡","Osaka","Kansai","Kodai",1,1,0,0,0,0,0,1,1,1,1,0,0
"J491","志紀遺跡","Osaka","Kansai","Kodai",1,0,0,0,0,0,0,0,0,1,1,0,0
"J303","大和川今池遺跡","Osaka","Kansai","Kodai",0,0,0,0,0,0,0,0,0,0,0,0,0
"J514","新上小阪遺跡","Osaka","Kansai","Kodai",0,1,0,0,0,0,0,0,1,0,0,0,0
"J848","蔀屋北遺跡","Osaka","Kansai","Kodai",0,1,0,0,0,0,0,0,1,0,0,0,0
"J698","玉櫛遺跡","Osaka","Kansai","Kodai",0,1,0,0,0,0,0,0,1,0,0,0,0
"J846","蔀屋北，讃良郡","Osaka","Kansai","Kodai",0,0,0,0,0,0,0,0,0,0,0,0,0
"J781","禁野本町遺跡","Osaka","Kansai","Kodai",1,1,0,0,0,0,0,1,1,1,0,0,1
"J945","長原遺跡","Osaka","Kansai","Kodai",1,1,0,0,0,0,0,0,1,1,0,0,0
"J972","難波宮址","Osaka","Kansai","Kodai",1,1,0,0,1,0,0,1,1,1,0,0,1
"J202","南住吉遺跡","Osaka","Kansai","Kodai",1,0,0,0,1,0,0,0,0,0,0,0,0
"J921","遠里小野遺跡","Osaka","Kansai","Kodai",0,0,0,0,0,0,0,0,0,0,0,0,0
"J810","翁橋遺跡","Osaka","Kansai","Kodai",0,0,0,0,0,0,0,0,0,0,0,0,0
"J867","西之辻遺跡","Osaka","Kansai","Kodai",0,0,0,0,0,0,0,0,0,0,0,0,0
"J184","北島遺跡","Osaka","Kansai","Kodai",0,0,0,0,0,0,0,0,0,0,0,0,0
"J1003","鬼虎川遺跡","Osaka","Kansai","Kodai",0,0,0,0,0,0,0,0,0,0,0,0,0
"J780","禁野元町遺跡","Osaka","Kansai","Kodai",0,1,0,0,0,0,0,1,1,0,0,0,0
"J841","落地遺跡","Hyogo","Kansai","Kodai",0,1,0,0,0,0,0,0,1,0,0,0,0
"J479","御蔵遺跡","Hyogo","Kansai","Kodai",0,1,0,0,0,0,0,0,1,0,0,0,0
"J377","小路大町遺跡","Hyogo","Kansai","Kodai",0,0,0,0,0,0,0,0,0,0,0,0,0
"J961","長谷貝塚","Hyogo","Kansai","Kodai",1,1,0,0,0,0,0,0,1,0,0,1,0
"J975","雨流遺跡","Hyogo","Kansai","Kodai",0,0,0,0,0,0,0,0,0,0,0,0,0
"J417","川除・藤ノ木遺跡","Hyogo","Kansai","Kodai",1,1,0,0,0,0,0,0,1,1,1,0,1
"J805","美乃利遺跡","Hyogo","Kansai","Kodai",0,0,0,0,0,0,0,0,0,0,0,0,0
"J186","北条遺跡","Hyogo","Kansai","Kodai",0,1,0,0,0,0,0,0,1,0,0,0,0
"J50","下名田遺跡","Hyogo","Kansai","Kodai",0,0,0,0,0,0,0,0,0,0,0,0,0
"J24","三番町遺跡","Hyogo","Kansai","Kodai",1,0,0,0,0,0,0,0,0,1,0,0,0
"J683","深江北町遺跡","Hyogo","Kansai","Kodai",0,1,0,0,0,0,0,0,1,0,0,0,0
"J1008","鴨神遺跡","Nara","Kansai","Kodai",1,0,0,0,0,0,0,0,0,0,1,0,1
"J854","藤原宮跡","Nara","Kansai","Kodai",1,1,0,0,0,0,0,0,1,1,1,1,0
"J803","纒向遺跡","Nara","Kansai","Kodai",0,0,0,0,0,0,0,0,0,0,0,0,0
"J424","布留遺跡","Nara","Kansai","Kodai",1,1,0,0,0,1,0,0,1,1,1,1,1
"J439","平城宮","Nara","Kansai","Kodai",1,1,0,0,1,1,0,1,1,1,1,1,1
"J433","平城京","Nara","Kansai","Kodai",1,1,0,0,0,1,0,0,1,1,1,0,1
"J434","平城京三条大路Ⅰ","Nara","Kansai","Kodai",0,0,0,0,0,0,0,0,0,0,0,0,0
"J617","横田堂垣内遺跡","Nara","Kansai","Kodai",1,0,0,0,0,0,0,0,0,0,1,0,0
"J438","平城京左京四条四坊十三坪","Nara","Kansai","Kodai",1,0,0,0,0,0,0,0,0,0,1,0,0
"J436","平城京左京五条五坊一坪","Nara","Kansai","Kodai",0,1,0,0,0,0,0,0,1,0,0,0,0
"J437","平城京左京四条三坊九坪","Nara","Kansai","Kodai",1,1,0,0,0,0,0,0,1,0,1,0,1
"J262","四条遺跡Ⅱ","Nara","Kansai","Kodai",0,0,0,0,0,0,0,0,0,0,0,0,0
"J798","箸尾遺跡","Nara","Kansai","Kodai",1,1,0,0,0,0,0,0,1,1,1,1,0
"J261","四条遺跡","Nara","Kansai","Kodai",1,0,0,0,0,0,0,0,0,0,0,0,0
"J204","南六條北ミノ遺跡","Nara","Kansai","Kodai",0,0,0,0,0,0,0,0,0,0,0,0,0
"J986","飛鳥京跡","Nara","Kansai","Kodai",1,1,0,0,1,1,0,0,1,1,1,0,1
"J440","平城宮跡","Nara","Kansai","Kodai",1,1,0,0,0,0,0,0,1,1,1,0,0
"J435","平城京左京三条二坊六坪","Nara","Kansai","Kodai",0,0,0,0,0,0,0,0,0,0,0,0,0
"J853","藤原京","Nara","Kansai","Kodai",1,0,0,0,0,0,0,0,0,1,1,0,0
"J203","南六条北ミノ遺跡","Nara","Kansai","Kodai",1,0,0,0,0,0,0,0,0,1,1,1,1
"J335","太田・黒田遺跡","Wakayama","Kansai","Kodai",1,0,0,0,1,0,0,0,0,0,0,0,0
"J229","史跡大御堂廃寺跡","Tottori","Chugoku","Kodai",1,1,0,0,1,0,0,1,1,0,1,0,1
"J49","下古川上通り遺跡","Tottori","Chugoku","Kodai",0,0,0,0,0,0,0,0,0,0,0,0,0
"J631","段ハナ遺跡","Tottori","Chugoku","Kodai",0,0,0,0,0,0,0,0,0,0,0,0,0
"J955","長瀬高浜遺跡","Tottori","Chugoku","Kodai",0,0,0,0,0,0,0,0,0,0,0,0,0
"J978","青谷上寺地遺跡","Tottori","Chugoku","Kodai",1,0,0,0,1,0,0,0,0,0,0,0,0
"J275","坂長第7遺跡","Tottori","Chugoku","Kodai",0,1,0,0,0,0,0,0,1,0,0,0,0
"J685","清水川六反田遺跡","Tottori","Chugoku","Kodai",1,0,0,0,0,0,0,0,0,1,1,1,0
"J494","志谷Ⅲ遺跡","Shimane","Chugoku","Kodai",0,0,0,0,0,0,0,0,0,0,0,0,0
"J227","史跡出雲国府跡","Shimane","Chugoku","Kodai",0,1,0,0,0,0,0,0,1,0,0,0,0
"J412","川入・上東遺跡","Okayama","Chugoku","Kodai",0,1,0,0,0,0,0,1,0,0,0,0,0
"J348","宮尾遺跡","Okayama","Chugoku","Kodai",0,0,0,0,0,0,0,0,0,0,0,0,0
"J832","菅生小学校裏山遺跡","Okayama","Chugoku","Kodai",1,0,0,0,0,0,0,0,0,1,0,0,0
"J675","津寺遺跡","Okayama","Chugoku","Kodai",0,1,0,0,0,0,0,0,1,0,0,0,0
"J739","百間川原尾島遺跡","Okayama","Chugoku","Kodai",1,0,0,0,0,0,0,0,0,0,0,1,0
"J1016","鹿田遺跡","Okayama","Chugoku","Kodai",1,1,0,0,0,0,0,1,1,1,0,0,0
"J340","安芸国分寺跡","Hiroshima","Chugoku","Kodai",1,0,0,0,0,1,0,0,0,0,1,0,1
"J925","郡山大通院谷遺跡","Hiroshima","Chugoku","Kodai",1,1,0,0,0,0,0,0,1,1,1,0,0
"J586","柳瀬遺跡","Yamaguchi","Chugoku","Kodai",1,0,0,0,0,0,0,0,0,1,0,0,0
"J379","小路遺跡","Yamaguchi","Chugoku","Kodai",1,0,0,0,0,0,0,0,0,1,0,0,0
"J467","庄遺跡","Tokushima","Shikoku","Kodai",1,0,0,0,0,0,0,0,0,0,1,0,0
"J415","川原遺跡","Kagawa","Shikoku","Kodai",0,1,0,0,0,0,0,0,1,0,0,0,0
"J103","中間西井坪遺跡","Kagawa","Shikoku","Kodai",1,0,0,0,0,0,0,0,0,1,0,0,0
"J565","来住廃寺遺跡","Ehime","Shikoku","Kodai",0,0,0,0,0,0,0,0,0,0,0,0,0
"J893","西鴨地遺跡","Kochi","Shikoku","Kodai",1,0,0,0,0,0,0,0,0,1,1,0,0
"J483","徳王子前島遺跡","Kochi","Shikoku","Kodai",1,1,0,0,0,0,0,0,1,0,0,0,0
"J845","蒲船津江頭遺跡","Fukuoka","Kyushu","Kodai",0,0,0,0,0,0,0,0,0,0,0,0,0
"J115","乙丸宮ノ下遺跡","Fukuoka","Kyushu","Kodai",1,1,0,0,0,0,0,0,1,1,0,0,0
"J334","太宰府史跡","Fukuoka","Kyushu","Kodai",0,0,0,0,0,0,0,0,0,0,0,0,0
"J525","日焼遺跡","Fukuoka","Kyushu","Kodai",1,0,0,0,0,0,0,0,0,1,0,0,0
"J1012","鴻臚館跡","Fukuoka","Kyushu","Kodai",0,0,0,0,0,0,0,0,0,0,0,0,0
"J57","下月隈C遺跡","Fukuoka","Kyushu","Kodai",1,0,0,0,0,0,0,0,0,1,0,0,0
"J922","那珂遺跡群","Fukuoka","Kyushu","Kodai",0,1,0,0,0,0,0,0,1,0,0,0,0
"J937","金武青木遺跡","Fukuoka","Kyushu","Kodai",1,1,0,0,0,0,0,0,1,1,0,0,0
"J107","久保園遺跡","Fukuoka","Kyushu","Kodai",1,1,0,0,0,0,0,0,1,1,0,0,0
"J1000","高畑遺跡","Fukuoka","Kyushu","Kodai",0,1,0,0,0,0,0,0,1,0,0,0,0
"J216","原遺跡","Fukuoka","Kyushu","Kodai",0,1,0,0,0,0,0,0,1,0,0,0,0
"J33","上岩田遺跡","Fukuoka","Kyushu","Kodai",1,0,0,0,0,0,0,0,0,1,0,0,1
"J641","汐入遺跡","Saga","Kyushu","Kodai",1,1,0,0,1,0,0,0,1,0,0,0,0
"J589","柳町遺跡Ⅱ","Kumamoto","Kyushu","Kodai",0,0,0,0,0,0,0,0,0,0,0,0,0
"J127","二本木遺跡群","Kumamoto","Kyushu","Kodai",0,1,0,0,0,0,0,1,1,0,0,0,0
"J984","鞠智城跡","Kumamoto","Kyushu","Kodai",1,1,0,0,0,0,0,1,1,1,0,0,0
"J817","花岡木崎遺跡","Kumamoto","Kyushu","Kodai",1,1,0,0,0,0,0,0,1,1,0,0,0
"J987","飯塚遺跡","Oita","Kyushu","Kodai",1,1,0,0,1,0,0,0,1,1,1,0,1
"J644","江内谷遺跡","Miyazaki","Kyushu","Kodai",1,0,0,0,0,0,0,0,0,1,0,0,0
"J991","馬渡遺跡","Miyazaki","Kyushu","Kodai",1,0,0,0,0,0,0,0,0,1,0,0,0
"J459","平田迫遺跡","Miyazaki","Kyushu","Kodai",0,0,0,0,0,0,0,0,0,0,0,0,0
"J232","右葛ヶ迫遺跡","Miyazaki","Kyushu","Kodai",0,0,0,0,0,0,0,0,0,0,0,0,0
"J374","小瀬戸遺跡","Kagoshima","Kyushu","Kodai",1,0,0,0,0,0,0,0,0,1,0,0,0
"J364","小倉畑遺跡","Kagoshima","Kyushu","Kodai",0,0,0,0,0,0,0,0,0,0,0,0,0
"J687","渡畑遺跡","Kagoshima","Kyushu","Kodai",1,0,0,0,0,0,0,0,0,1,0,0,0
